ID,개설학과,교과목명,강의시간 (강의실),학년,이수 구분,학수번호,학점,이론 시간,실습 시간,분 반,담당교수,비고
1,인문사회과학대학 인문콘텐츠학부 역사콘텐츠전공,중국의역사와문화,"목7,8,9(N204)",1,1전선,HAAA1112,3,3,0,1,김희신,
2,인문사회과학대학 인문콘텐츠학부 역사콘텐츠전공,역사학의이해,"화6(R107)
 수7,8(R107)",1,1전선,HAAA9009,3,3,0,1,정다함,
3,인문사회과학대학 인문콘텐츠학부 역사콘텐츠전공,한국고대사,"화3(N205)
 수1,2(N205)",2,1전선,HAAA6015,3,3,0,1,최희수,
4,인문사회과학대학 인문콘텐츠학부 역사콘텐츠전공,"서양사사료강독과DB
 활용","화4,5,6(N205)",2,1전선,HAAA6019,3,2,1,1,류한수,
5,인문사회과학대학 인문콘텐츠학부 역사콘텐츠전공,"서양사사료강독과DB
 활용","화7,8,9(N205)",2,1전선,HAAA6019,3,2,1,2,류한수,
6,인문사회과학대학 인문콘텐츠학부 역사콘텐츠전공,근대중국과세계질서,"월7,8,9(N205)",2,1전선,HAAA9007,3,3,0,1,김희신,
7,인문사회과학대학 인문콘텐츠학부 역사콘텐츠전공,인물로보는중국사,"월6(N205)
 수4,5(N205)",2,1전선,HAAA9233,3,3,0,1,김희신,
8,인문사회과학대학 인문콘텐츠학부 역사콘텐츠전공,서양근대사,"금7,8,9(N205)",3,1전선,HAAA4201,3,3,0,1,류한수,
9,인문사회과학대학 인문콘텐츠학부 역사콘텐츠전공,역사스토리텔링,"수7,8,9(N205)",3,1전선,HAFU0013,3,2,1,1,최희수,
10,인문사회과학대학 인문콘텐츠학부 역사콘텐츠전공,한국근세사,"월4,5(R107)
 수6(R107)",3,1전심,HAAA0010,3,3,0,1,정다함,
11,인문사회과학대학 인문콘텐츠학부 역사콘텐츠전공,"영상역사학워크샵(캡
 스톤디자인)","금4,5,6(R107)",3,1전심,HAAA6008,3,1,2,1,김상헌,
12,인문사회과학대학 인문콘텐츠학부 역사콘텐츠전공,서양사의이해,"월7,8,9,10,11(N20
 6)",4,1전선,HAAA9223,3,3,0,1,류한수,"집중이수제(9주
 )"
13,인문사회과학대학 인문콘텐츠학부 역사콘텐츠전공,"서울의역사와문화유
 산","화7,8,9(R107)",4,1전심,HAAA9221,3,3,0,1,정다함,
14,인문사회과학대학 인문콘텐츠학부 지적재산권전공,법학개론,"월6(R202)
 수2,3(R107)",1,1전선,HAAQ0001,3,3,0,1,김동민,"2,3,4학년 전용
 분반"
15,인문사회과학대학 인문콘텐츠학부 지적재산권전공,법학개론,"화7,8,9(T208)",1,1전선,HAAQ0001,3,3,0,2,김서기,"1학년 전용
 분반"
16,인문사회과학대학 인문콘텐츠학부 지적재산권전공,형사법,"수7,8,9(N204)",2,1전선,HAAQ0009,3,3,0,1,김인철,
17,인문사회과학대학 인문콘텐츠학부 지적재산권전공,저작권법1,"월7,8,9(N204)",2,1전선,HAAQ0044,3,3,0,1,김인철,
18,인문사회과학대학 인문콘텐츠학부 지적재산권전공,지적재산권개론,"화7,8,9(N301-3)",2,1전선,HAAQ9213,3,3,0,1,김경숙,
19,인문사회과학대학 인문콘텐츠학부 지적재산권전공,물권법총론,"월4,5(R211)
 화5(R107)",2,1전선,HAAQ9227,3,3,0,1,김서기,
20,인문사회과학대학 인문콘텐츠학부 지적재산권전공,회사법1,"수5(R209)
 목2,3(R109)",2,1전선,HAAQ9239,3,3,0,1,김동민,
21,인문사회과학대학 인문콘텐츠학부 지적재산권전공,특허법2,"수7,8,9(N307)",3,1전선,HAAQ0040,3,3,0,1,공인복,
22,인문사회과학대학 인문콘텐츠학부 지적재산권전공,역사스토리텔링,"수7,8,9(N205)",3,1전선,HAFU0013,3,2,1,1,최희수,
23,인문사회과학대학 인문콘텐츠학부 지적재산권전공,국제저작권법,"월3,4(N204)
 금1(N204)",3,1전심,HAAQ0015,3,3,0,1,김경숙,
24,인문사회과학대학 인문콘텐츠학부 지적재산권전공,저작권침해와구제,"화7,8,9(N204)",3,1전심,HAAQ0032,3,3,0,1,김인철,
25,인문사회과학대학 인문콘텐츠학부 지적재산권전공,채권법총론,"화3,4(R210)
 수4(R209)",3,1전심,HAAQ9230,3,3,0,1,김서기,
26,인문사회과학대학 인문콘텐츠학부 지적재산권전공,어음수표법,"목7,8(R107)
 금3(R107)",3,1전심,HAAQ9241,3,3,0,1,김동민,
27,인문사회과학대학 인문콘텐츠학부 지적재산권전공,민사소송법,"월7,8,9(R211)",4,1전심,HAAQ0005,3,3,0,1,김서기,
28,인문사회과학대학 인문콘텐츠학부 지적재산권전공,정보통신기술론,"수7,8(R104)
 수0(Z201)",1,1전선,HAAH0005,3,3,0,1,이명호,b-러닝
29,인문사회과학대학 인문콘텐츠학부 지적재산권전공,문헌정보학의 이해,"화7,8,9(N203)",1,1전선,HAFA0003,3,3,0,1,"박옥남,오의
 경,이명호",
30,인문사회과학대학 인문콘텐츠학부 지적재산권전공,데이터리터러시기초,"월3,4(R104)",2,1전선,HAAA9228,2,2,0,1,이명호,
31,인문사회과학대학 인문콘텐츠학부 지적재산권전공,디지털리터러시,"화5(N204)
 수5,6(N204)",2,1전선,HAAA9235,3,3,0,1,오의경,
32,인문사회과학대학 인문콘텐츠학부 지적재산권전공,"정보시스템분석과설
 계","화3,4(A501)
 수4(A501)",2,1전선,HAAH0007,3,2,1,1,박옥남,
33,인문사회과학대학 인문콘텐츠학부 지적재산권전공,주제별정보원,"금3,4(R109)",2,1전선,HAAH6006,2,2,0,1,오의경,
34,인문사회과학대학 인문콘텐츠학부 지적재산권전공,교육학개론,"월7,8(R208)",2,1교직,HATT0010,2,2,0,1,이윤옥,
35,인문사회과학대학 인문콘텐츠학부 지적재산권전공,교육사회,"금7,8(A102)",2,1교직,HATT0040,2,2,0,1,오덕열,
36,인문사회과학대학 인문콘텐츠학부 지적재산권전공,온라인정보검색,"화3,4(N204)
 수3(N204)",3,1전선,HAAH3221,3,2,1,1,오의경,
37,인문사회과학대학 인문콘텐츠학부 지적재산권전공,디지털도서관과IT,"수7,8,9(T202)",3,1전선,HAAH3302,3,2,1,1,박옥남,
38,인문사회과학대학 인문콘텐츠학부 지적재산권전공,미디어센터운영,"화7,8,9(R101)",3,1전심,HAAH0002,3,1.5,1.5,1,김수진,
39,인문사회과학대학 인문콘텐츠학부 지적재산권전공,의료정보이해및활용,"화5,6(R104)
 수2(R104)",3,1전심,HAAH9211,3,2,1,1,이명호,
40,인문사회과학대학 인문콘텐츠학부 지적재산권전공,"소셜미디어데이터수
 집및분석","목3,4,5(R104)",3,1전심,HAAH9224,3,2,1,1,이명호,
41,인문사회과학대학 인문콘텐츠학부 지적재산권전공,교육평가,"목7,8(A203-B)",3,1교직,HATT0003,2,2,0,1,장지현,
42,인문사회과학대학 인문콘텐츠학부 지적재산권전공,교육행정및교육경영,"목5,6(A102)",3,1교직,HATT0090,2,2,0,1,장덕호,
43,인문사회과학대학 인문콘텐츠학부 지적재산권전공,특수교육학개론,"월5,6(A403)",3,1교직,HATT0103,2,2,0,1,이일화,
44,인문사회과학대학 인문콘텐츠학부 지적재산권전공,교육봉사활동1,"토0,1(A403)",3,1교직,HATT0200,1,0,2,1,이진아,
45,인문사회과학대학 인문콘텐츠학부 지적재산권전공,교육봉사활동2,"토2,3(A403)",3,1교직,HATT0206,1,0,2,1,이진아,
46,인문사회과학대학 인문콘텐츠학부 지적재산권전공,"학교폭력예방및학생
 의이해","금5,6(A102)",3,1교직,HATT0210,2,2,0,2,오덕열,
47,인문사회과학대학 인문콘텐츠학부 지적재산권전공,라키비움의이해,"화7,8,9(R110)",4,1전선,HAFU0020,3,2,1,1,김상헌,
48,인문사회과학대학 인문콘텐츠학부 지적재산권전공,학교현장실습,"월10,11(Z100)",4,1교직,HATT0100,2,0,2,5,박옥남,
49,인문사회과학대학 공간환경학부,환경과주택의이해,"수4,5,6(R211)",1,1전선,HASP0001,3,3,0,1,신화경,
50,인문사회과학대학 공간환경학부,"글로컬시대국토의이
 해","월7,8,9(N302-2)",1,1전선,HASP0003,3,3,0,1,박수경,
51,인문사회과학대학 공간환경학부,"환경과공간정보의이
 해","화7,8,9(N302-2)",1,1전선,HASP0012,3,3,0,1,김민호,
52,인문사회과학대학 공간환경학부,공간환경디자인,"수7,8,9(R110)",2,1전선,HASP0007,3,1.5,1.5,1,신화경,
53,인문사회과학대학 공간환경학부,GIS이론과 실습,"월6(N302-1)
 목5,6(N302-1)",2,1전선,HASP0008,3,1,2,1,구자용,
54,인문사회과학대학 공간환경학부,"관광과여가공간의이
 해","목7,8,9(N307)",2,1전선,HASP0009,3,3,0,1,정희선,
55,인문사회과학대학 공간환경학부,공간환경복지,"월3,4(N311)
 수3(N311)",2,1전선,HASP0011,3,2,1,1,이윤재,
56,인문사회과학대학 공간환경학부,오픈소스GIS활용,"화3,4(N302-1)
 수5(N302-1)",2,1전선,HASP0030,3,1,2,1,김민호,
57,인문사회과학대학 공간환경학부,"공간빅데이터분석과
 인공지능","월7,8(N302-1)
 수6(N302-1)",3,1전심,HASP0019,3,1,2,1,구자용,
58,인문사회과학대학 공간환경학부,"공간디자인CAD소프
 트웨어","화4,5,6(N311)",3,1전심,HASP0020,3,1,2,1,이유미,
59,인문사회과학대학 공간환경학부,특수공간환경계획,"목4,5,6(N302-2)",3,1전심,HASP0023,3,2,1,1,이윤재,
60,인문사회과학대학 공간환경학부,"원격탐사소프트웨어
 활용","수7,8,9(N302-1)",3,1전심,HASP0024,3,1,2,1,김민호,
61,인문사회과학대학 공간환경학부,문화와공간환경,"화7,8,9(N307)",3,1전심,HASP0027,3,3,0,1,정희선,
62,인문사회과학대학 공간환경학부,건강과공간환경,"화3(N302-2)
 수3,4(N302-2)",3,1전심,HASP0036,3,3,0,1,박수경,
63,인문사회과학대학 공간환경학부,"지역사회의이해(캡스
 톤디자인)","목7,8,9(N311)",4,1전심,HASP0031,3,1,2,1,이준형,
64,인문사회과학대학 공간환경학부,"토지정보시스템(캡스
 톤디자인)","화7,8,9(N302-1)",4,1전심,HASP0032,3,1,2,1,구자용,
65,인문사회과학대학 공간환경학부,단지디자인매뉴얼,"목4,5,6(N311)",4,1전심,HASP0033,3,2,1,1,이유미,
66,인문사회과학대학 공간환경학부,공간환경조사론,"월6(N311)
 수7,8(M305)",4,1전심,HASP0035,3,2,1,1,이윤재,
67,인문사회과학대학 공간환경학부,"관광공간의스토리텔
 링과콘텐츠","월7,8,9(N307)",4,1전심,HASP0042,3,3,0,1,정희선,
68,인문사회과학대학 행정학부,행정학개론,"월3,4(N304)
 목6(N304)",1,1전선,HAAT0003,3,3,0,1,박정호,
69,인문사회과학대학 행정학부,행정학개론,"화8(N304)
 수3,4(N304)",1,1전선,HAAT0003,3,3,0,2,박정호,
70,인문사회과학대학 행정학부,정부와제도,"목7,8,9(N203)",1,1전선,HAUS0020,3,3,0,1,김상우,
71,인문사회과학대학 행정학부,국가와기본권,"화2(N203)
 수5,6(N203)",2,1전선,HAAT0004,3,3,0,1,김용훈,
72,인문사회과학대학 행정학부,도시및지방행정론,"월5,6(R109)
 월0(Z201)",2,1전선,HAAT0012,3,3,0,1,김영미,b-러닝
73,인문사회과학대학 행정학부,조직과정보관리,"월3,4(N205)
 목3(N205)",2,1전선,HAAT0014,3,3,0,1,김민한,
74,인문사회과학대학 행정학부,PSAT(2):자료해석,"화7,8(N201)",2,1전선,HAAT0055,2,2,0,1,김민한,
75,인문사회과학대학 행정학부,공공복지와정책,"목7,8,9(N304)",3,1전선,HAAT0010,3,3,0,1,우수정,
76,인문사회과학대학 행정학부,재무행정론,"화4(N304)
 수5,6(N304)",3,1전선,HAAT0024,3,3,0,1,박정호,
77,인문사회과학대학 행정학부,관료제와행정이론,"월5,6(N304)
 목5(N304)",3,1전심,HAAT0048,3,3,0,1,박정호,
78,인문사회과학대학 행정학부,"문화정책론(캡스톤디
 자인)","월7,8,9(R109)",4,1전선,HAAT0037,3,2,1,1,김영미,
79,인문사회과학대학 행정학부,행정법1,"수3,4(N203)
 수0(Z200)",4,1전심,HAAT0027,3,3,0,1,김용훈,b-러닝
80,인문사회과학대학 행정학부,"지능정보와공공데이
 터관리","화1,2(R107)
 화0(Z201)",4,1전심,HAAT0052,3,3,0,1,김영미,b-러닝
81,인문사회과학대학 가족복지학과,사회복지학개론,"화8,9(R207)
 수7(R207)",1,1전선,HAAL5001,3,3,0,1,이금룡,
82,인문사회과학대학 가족복지학과,가족과문화,"금4,5,6(R101)",1,1전선,HAAL9214,3,2,1,1,이현숙,
83,인문사회과학대학 가족복지학과,영유아발달,"화7(R207)
 수5,6(R207)",1,1전선,HAAL9224,3,3,0,1,황혜신,
84,인문사회과학대학 가족복지학과,보육과정,"금7,8,9(N206)",2,1전선,HAAL0004,3,3,0,1,이세라피나,
85,인문사회과학대학 가족복지학과,상담이론,"금4,5,6(R202)",2,1전선,HAAL0007,3,3,0,1,김성은,
86,인문사회과학대학 가족복지학과,사회복지실천기술론,"금7,8,9(R207)",2,1전선,HAAL0018,3,2,1,1,양영미,
87,인문사회과학대학 가족복지학과,노인복지론,"화5(R207)
 목3,4(R207)",2,1전선,HAAL0020,3,3,0,1,이금룡,
88,인문사회과학대학 가족복지학과,아동과학지도,"금4,5,6(N304)",2,1전선,HAFU0009,3,2,1,1,서주현,
89,인문사회과학대학 가족복지학과,영유아교수방법론,"월5,6(R207)
 수4(R207)",3,1전선,HAAL6006,3,2,1,1,서주현,
90,인문사회과학대학 가족복지학과,프로그램개발과평가,"월7,8,9(R207)",3,1전선,HAAL9230,3,2,1,1,이금룡,
91,인문사회과학대학 가족복지학과,"가족생활교육론(ICT
 융복합)","금7,8,9(R109)",3,1전심,HAAL0021,3,2,1,1,"이현숙,정현
 숙",
92,인문사회과학대학 가족복지학과,아동복지론,"화8,9(R202)
 수7(R202)",3,1전심,HAAL6004,3,3,0,1,황혜신,
93,인문사회과학대학 가족복지학과,사회복지법제와실천,"금4,5,6(R207)",3,1전심,HAAL9231,3,3,0,1,"양영미,이혜
 연",
94,인문사회과학대학 가족복지학과,"지역사회복지론(캡스
 톤디자인)","목7,8,9(R207)",4,1전선,HAAL0033,3,3,0,1,이혜연,
95,인문사회과학대학 가족복지학과,보육실습,"금10,11,12(R207)",4,1전선,HAAL6005,3,0,3,1,황혜신,
96,인문사회과학대학 가족복지학과,집단상담,"수7,8,9(N301-3)",4,1전선,HAAL9002,3,2,1,1,조은숙,
97,인문사회과학대학 국가안보학과,특성화교육1,수2(M202),1,1전선,HAHA0005,1,1,0,1,최윤철,
98,인문사회과학대학 국가안보학과,국가안전보장론,"월3,4(M202)
 화6(M202)",1,1전선,HAHA0006,3,3,0,1,윤지원,
99,인문사회과학대학 국가안보학과,한국사,"월1,2(M213)
 수1(M202)",1,1전선,HAHA0048,3,3,0,1,최윤철,
100,인문사회과학대학 국가안보학과,군대윤리,"수7,8,9(M202)",1,1전선,HAHC0002,3,3,0,1,최병욱,
101,인문사회과학대학 국가안보학과,"영화로이해하는국제
 분쟁","화7,8,9(M202)",2,1전선,HAHA0013,3,3,0,1,윤지원,
102,인문사회과학대학 국가안보학과,사이버전이해,"월5,6(M309)",2,1전선,HAHA0023,2,2,0,1,윤지원,
103,인문사회과학대학 국가안보학과,잠재역량개발1,화2(M202),2,1전선,HAHA0037,1,1,0,1,윤지원,
104,인문사회과학대학 국가안보학과,전쟁과군법,"수7,8(M402-1)",2,1전선,HAHC0005,2,2,0,1,최윤철,
105,인문사회과학대학 국가안보학과,군인적자원관리,"월4(M402-1)
 수5,6(M202)",2,1전선,HAHC0012,3,3,0,1,최병욱,
106,인문사회과학대학 국가안보학과,비전설계1,수4(M402-1),3,1전선,HAHA0039,1,1,0,1,최병욱,
107,인문사회과학대학 국가안보학과,"민군협력과방위산업
 의이해","월2(M202)
 화3,4(M202)",3,1전선,HAHC0007,3,3,0,1,윤지원,
108,인문사회과학대학 국가안보학과,정전체제와안보,"화7,8,9(M305)",3,1전심,HAHA0030,3,3,0,1,최윤철,
109,인문사회과학대학 국가안보학과,군사학이해,"월7,8,9(M202)",3,1전심,HAHA0044,3,3,0,1,최병욱,
110,인문사회과학대학 국가안보학과,지휘통솔1,목3(M202),4,1전선,HAHA0041,1,1,0,1,최윤철,
111,인문사회과학대학 국가안보학과,국방정책의이해,"월5,6(M202)",4,1전심,HAHA0050,2,2,0,1,최병욱,
112,인문사회과학대학 국가안보학과,군상담심리학,"수3,4(M202)",4,1전심,HAHA0053,2,2,0,1,최윤철,
113,인문사회과학대학 국가안보학과,국제관계와국방협력,"월7,8,9(M309)",4,1전심,HAHC0010,3,3,0,1,윤지원,
114,인문사회과학대학 문화콘텐츠연계전공,한국및동양미술사,"월7,8,9(B201)",전체,1전선,HADA3301,3,3,0,1,김은경,
115,인문사회과학대학 문화콘텐츠연계전공,역사스토리텔링,"수7,8,9(N205)",전체,1전선,HAFU0013,3,2,1,1,최희수,
116,인문사회과학대학 문화콘텐츠연계전공,"관광과여가공간의이
 해","목7,8,9(N307)",전체,1전선,HASP0009,3,3,0,1,정희선,
117,인문사회과학대학 문화콘텐츠연계전공,문화와공간환경,"화7,8,9(N307)",전체,1전선,HASP0027,3,3,0,1,정희선,
118,인문사회과학대학 문화콘텐츠연계전공,"관광공간의스토리텔
 링과콘텐츠","월7,8,9(N307)",전체,1전선,HASP0042,3,3,0,1,정희선,
119,인문사회과학대학 문화콘텐츠연계전공,"영상역사학워크샵(캡
 스톤디자인)","금4,5,6(R107)",전체,1전심,HAAA6008,3,1,2,1,김상헌,
120,인문사회과학대학 문화콘텐츠연계전공,"서울의역사와문화유
 산","화7,8,9(R107)",전체,1전심,HAAA9221,3,3,0,1,정다함,
121,인문사회과학대학 문화콘텐츠연계전공,"콘텐츠기획및프리젠
 테이션","월4(G420)
 목5,6(G420)",전체,1전심,HAGF0024,3,3,0,1,길태숙,
122,인문사회과학대학 문화콘텐츠연계전공,게임스토리텔링,"월5,6(G420)
 목4(G420)",전체,1전심,HAGF0028,3,2,1,1,길태숙,
123,인문사회과학대학 빅데이터과학연계전공,정보통신기술론,"수7,8(R104)
 수0(Z201)",전체,1전선,HAAH0005,3,3,0,1,이명호,b-러닝
124,인문사회과학대학 빅데이터과학연계전공,디지털마케팅론,"수2(T403)
 목3,4(T403)",전체,1전선,HAAM5009,3,2,1,1,손인수,
125,인문사회과학대학 빅데이터과학연계전공,디지털마케팅론,"금4,5,6(T102)",전체,1전선,HAAM5009,3,2,1,2,손인수,
126,인문사회과학대학 빅데이터과학연계전공,파이썬프로그래밍,"월7,8,9(G209)",전체,1전선,HAEA9225,3,2,1,1,조용주,
127,인문사회과학대학 빅데이터과학연계전공,파이썬프로그래밍,"화7,8,9(G209)",전체,1전선,HAEA9225,3,2,1,2,조용주,
128,인문사회과학대학 빅데이터과학연계전공,파이썬프로그래밍,"금3,4,5(G209)",전체,1전선,HAEA9225,3,2,1,3,나재호,
129,인문사회과학대학 빅데이터과학연계전공,파이썬프로그래밍,"금7,8,9(G209)",전체,1전선,HAEA9225,3,2,1,4,나재호,
130,인문사회과학대학 빅데이터과학연계전공,파이썬프로그래밍,"목7,8,9(G211)",전체,1전선,HAEA9225,3,2,1,5,김혜윤,
131,인문사회과학대학 빅데이터과학연계전공,객체지향프로그래밍,"수7,8,9(G311)",전체,1전선,HAIE0007,3,2,1,1,임좌상,
132,인문사회과학대학 빅데이터과학연계전공,객체지향프로그래밍,"목7,8,9(G311)",전체,1전선,HAIE0007,3,2,1,2,임좌상,
133,인문사회과학대학 빅데이터과학연계전공,데이터사이언스개론,"월7,8,9(N306)",전체,1전선,HAQA0004,3,3,0,1,이명호,
134,인문사회과학대학 빅데이터과학연계전공,경영빅데이터분석,"목4,5,6(R212)",전체,1전심,HAAE6005,3,1,2,1,이애리,
135,인문사회과학대학 빅데이터과학연계전공,경영빅데이터분석,"금7,8,9(N305)",전체,1전심,HAAE6005,3,1,2,2,신재우,
136,인문사회과학대학 빅데이터과학연계전공,"소셜미디어데이터수
 집및분석","목3,4,5(R104)",전체,1전심,HAAH9224,3,2,1,1,이명호,
137,인문사회과학대학 빅데이터과학연계전공,"데이터모델링과마이
 닝","월3,4(G210)
 화2(G210)",전체,1전심,HAEA0012,3,1,2,1,송병호,
138,인문사회과학대학 빅데이터과학연계전공,"데이터모델링과마이
 닝","월7,8(G210)
 화4(G210)",전체,1전심,HAEA0012,3,1,2,2,송병호,
139,인문사회과학대학 빅데이터과학연계전공,"데이터모델링과마이
 닝","화7,8,9(G525)",전체,1전심,HAEA0012,3,1,2,3,배주화,
140,인문사회과학대학 빅데이터과학연계전공,블록체인프로그래밍,"금7,8,9(G311)",전체,1전심,HAIE0022,3,1,2,1,임좌상,
141,인문사회과학대학 공간정보빅데이터연계전공,도시및지방행정론,"월5,6(R109)
 월0(Z201)",전체,1전선,HAAT0012,3,3,0,1,김영미,b-러닝
142,인문사회과학대학 공간정보빅데이터연계전공,GIS이론과 실습,"월6(N302-1)
 목5,6(N302-1)",전체,1전선,HASP0008,3,1,2,1,구자용,
143,인문사회과학대학 공간정보빅데이터연계전공,"관광과여가공간의이
 해","목7,8,9(N307)",전체,1전선,HASP0009,3,3,0,1,정희선,
144,인문사회과학대학 공간정보빅데이터연계전공,"공간빅데이터분석과
 인공지능","월7,8(N302-1)
 수6(N302-1)",전체,1전선,HASP0019,3,1,2,1,구자용,
145,인문사회과학대학 공간정보빅데이터연계전공,오픈소스GIS활용,"화3,4(N302-1)
 수5(N302-1)",전체,1전선,HASP0030,3,1,2,1,김민호,
146,인문사회과학대학 공간정보빅데이터연계전공,"토지정보시스템(캡스
 톤디자인)","화7,8,9(N302-1)",전체,1전선,HASP0032,2,1,2,1,구자용,
147,인문사회과학대학 공간정보빅데이터연계전공,"관광공간의스토리텔
 링과콘텐츠","월7,8,9(N307)",전체,1전선,HASP0042,3,3,0,1,정희선,
148,인문사회과학대학 공간정보빅데이터연계전공,"데이터모델링과마이
 닝","월3,4(G210)
 화2(G210)",전체,1전심,HAEA0012,3,1,2,1,송병호,
149,인문사회과학대학 공간정보빅데이터연계전공,"데이터모델링과마이
 닝","월7,8(G210)
 화4(G210)",전체,1전심,HAEA0012,3,1,2,2,송병호,
150,인문사회과학대학 공간정보빅데이터연계전공,"데이터모델링과마이
 닝","화7,8,9(G525)",전체,1전심,HAEA0012,3,1,2,3,배주화,
151,인문사회과학대학 공간정보빅데이터연계전공,"원격탐사소프트웨어
 활용","수7,8,9(N302-1)",전체,1전심,HASP0024,3,1,2,1,김민호,
152,인문사회과학대학 영유아체육과건강교육연계전공,보육과정,"금7,8,9(N206)",전체,1전선,HAAL0004,3,3,0,1,이세라피나,
153,인문사회과학대학 영유아체육과건강교육연계전공,보육실습,"금10,11,12(R207)",전체,1전선,HAAL6005,3,0,3,1,황혜신,
154,인문사회과학대학 영유아체육과건강교육연계전공,영유아교수방법론,"월5,6(R207)
 수4(R207)",전체,1전선,HAAL6006,3,2,1,1,서주현,
155,인문사회과학대학 영유아체육과건강교육연계전공,영유아발달,"화7(R207)
 수5,6(R207)",전체,1전선,HAAL9224,3,3,0,1,황혜신,
156,인문사회과학대학 영유아체육과건강교육연계전공,스포츠심리학,"화3,4(M305)
 목3(M305)",전체,1전선,HADN0012,3,3,0,1,이효,
157,인문사회과학대학 영유아체육과건강교육연계전공,건강관리,"화7,8,9(M308)",전체,1전선,HADN0021,3,3,0,1,백성수,
158,인문사회과학대학 영유아체육과건강교육연계전공,스포츠교육학,"수7,8(R210)",전체,1전선,HADN0022,2,2,0,1,이소미,
159,인문사회과학대학 영유아체육과건강교육연계전공,"헬스케어와스포츠과
 학의이해","월3,4(M308)",전체,1전선,HADN9230,2,2,0,1,강서정,
160,인문사회과학대학 영유아체육과건강교육연계전공,아동동작,"수6(F201)
 수4,5(M305)",전체,1전선,HAQB0001,3,3,0,1,강서정,
161,인문사회과학대학 영유아체육과건강교육연계전공,아동복지론,"화8,9(R202)
 수7(R202)",전체,1전심,HAAL6004,3,3,0,1,황혜신,
162,인문사회과학대학 영유아체육과건강교육연계전공,운동처방론,"월7,8,9(M402-1)",전체,1전심,HADN0027,3,3,0,1,강서정,
163,인문사회과학대학 아동·청소년상담연계전공,상담이론,"금4,5,6(R202)",전체,1전선,HAAL0007,3,3,0,1,김성은,
164,인문사회과학대학 아동·청소년상담연계전공,집단상담,"수7,8,9(N301-3)",전체,1전선,HAAL9002,3,2,1,1,조은숙,
165,인문사회과학대학 아동·청소년상담연계전공,영유아발달,"화7(R207)
 수5,6(R207)",전체,1전선,HAAL9224,3,3,0,1,황혜신,
166,인문사회과학대학 아동·청소년상담연계전공,인간발달과교육,"월6(R108)
 화5,6(R108)",전체,1전선,HABE1122,3,3,0,1,장석진,
167,인문사회과학대학 아동·청소년상담연계전공,청소년문제와보호,"화4(R108)
 목3,4(R108)",전체,1전선,HABE9215,3,3,0,1,이정민,
168,인문사회과학대학 아동·청소년상담연계전공,"청소년프로그램개발
 과평가(캡스톤디자인)","목7,8,9(R108)",전체,1전선,HABE9216,3,2,1,1,이원석,
169,인문사회과학대학 아동·청소년상담연계전공,놀이치료,"월3(R109)
 화6,7(R109)",전체,1전선,HAQG0008,3,3,0,1,조은숙,
170,인문사회과학대학 아동·청소년상담연계전공,"가족생활교육론(ICT
 융복합)","금7,8,9(R109)",전체,1전심,HAAL0021,3,2,1,1,"이현숙,정현
 숙",
171,인문사회과학대학 아동·청소년상담연계전공,아동복지론,"화8,9(R202)
 수7(R202)",전체,1전심,HAAL6004,3,3,0,1,황혜신,
172,인문사회과학대학 디지털인문정보융합전공,"서양사사료강독과DB
 활용","화4,5,6(N205)",전체,1전선,HAAA6019,3,2,1,1,류한수,
173,인문사회과학대학 디지털인문정보융합전공,"서양사사료강독과DB
 활용","화7,8,9(N205)",전체,1전선,HAAA6019,3,2,1,2,류한수,
174,인문사회과학대학 디지털인문정보융합전공,"정보시스템분석과설
 계","화3,4(A501)
 수4(A501)",전체,1전선,HAAH0007,3,2,1,1,박옥남,
175,인문사회과학대학 디지털인문정보융합전공,"한일대중문화콘텐츠
 의이해","화6(G201)
 수3,4(G417)",전체,1전선,HABH0005,3,3,0,1,김평강,
176,인문사회과학대학 디지털인문정보융합전공,"문화여행과SW콘텐츠
 기획","월7,8,9(G417)",전체,1전선,HABH0006,3,1.5,1.5,1,"문성현,조규
 헌",
177,인문사회과학대학 디지털인문정보융합전공,"인공지능시대의디지
 털인문학","화1,2(N205)
 수3(N205)",전체,1전선,HADD0001,3,2,1,1,최희수,
178,인문사회과학대학 디지털인문정보융합전공,라키비움의이해,"화7,8,9(R110)",전체,1전선,HAFU0020,3,2,1,1,김상헌,
179,인문사회과학대학 디지털인문정보융합전공,게임학개론,"화7,8,9(G420)",전체,1전선,HAGF0006,3,3,0,1,길태숙,
180,인문사회과학대학 디지털인문정보융합전공,"영상역사학워크샵(캡
 스톤디자인)","금4,5,6(R107)",전체,1전심,HAAA6008,3,1,2,1,김상헌,
181,사범대학 국어교육과,국어학개론,"월7(A401)
 금5,6(A401)",1,1전선,HABA1011,3,3,0,1,이승희,
182,사범대학 국어교육과,국어학개론,"화2(A401)
 목3,4(A401)",1,1전선,HABA1011,3,3,0,2,이승희,
183,사범대학 국어교육과,국어학개론,"화3,4(A401)
 목2(A401)",1,1전선,HABA1011,3,3,0,3,이승희,
184,사범대학 국어교육과,학교현장과현대문학,"화5,6(A401)
 목6(A202)",1,1전선,HABA1021,3,3,0,1,강옥희,
185,사범대학 국어교육과,학교현장과현대문학,"화7,8(A401)
 목5(A401)",1,1전선,HABA1021,3,3,0,2,강옥희,
186,사범대학 국어교육과,미래교사와인성,화10(Z100),1,1교직,HATT0001,1,1,0,1,이승희,
187,사범대학 국어교육과,미래교사와인성,월10(Z100),1,1교직,HATT0001,1,1,0,2,강옥희,
188,사범대학 국어교육과,미래교사와인성,월10(Z100),1,1교직,HATT0001,1,1,0,3,박재현,
189,사범대학 국어교육과,미래교사와인성,수10(Z100),1,1교직,HATT0001,1,1,0,4,최홍원,
190,사범대학 국어교육과,미래교사와인성,월10(Z100),1,1교직,HATT0001,1,1,0,5,오민석,
191,사범대학 국어교육과,미래교사와의사소통,수8(T301),1,1교직,HATT0011,1,1,0,1,장덕호,
192,사범대학 국어교육과,현대문법교육론,"화2(A203)
 수3,4(A203)",2,1전선,HABA1112,3,3,0,1,오민석,
193,사범대학 국어교육과,현대문법교육론,"화3(A203)
 수5,6(A203)",2,1전선,HABA1112,3,3,0,2,오민석,
194,사범대학 국어교육과,현대시교육론,"목7,8,9(A401)",2,1전선,HABA2141,3,3,0,1,김혜진,
195,사범대학 국어교육과,고전소설교육론,"금7,8,9(A401)",2,1전선,HABA3272,3,3,0,1,황예인,
196,사범대학 국어교육과,국어교과논리및논술,"월7(A203-B)
 화5,6(A102)",2,1전선,HABA9001,3,3,0,1,박재현,
197,사범대학 국어교육과,국어교과논리및논술,"월8(A203-B)
 목5,6(A203-B)",2,1전선,HABA9001,3,3,0,2,박재현,
198,사범대학 국어교육과,국어교육론,"수7,8,9(A403-B)",2,1전선,HABA9003,3,3,0,1,최홍원,
199,사범대학 국어교육과,국어교육론,"금4,5,6(A202)",2,1전선,HABA9003,3,3,0,2,최홍원,
200,사범대학 국어교육과,교육심리,"월5,6(R208)",2,1교직,HATT0020,2,2,0,1,이윤옥,
201,사범대학 국어교육과,교육철학및교육사,"목7,8(A202)",2,1교직,HATT0030,2,2,0,1,전제아,
202,사범대학 국어교육과,"미디어리터러시와교
 육연극론","목7,8,9(A102)",3,1전선,HABA3241,3,3,0,1,강옥희,
203,사범대학 국어교육과,국어사자료강독,"월5,6(A401)
 목6(A401)",3,1전선,HABA3292,3,3,0,1,이승희,
204,사범대학 국어교육과,"국어교과교재연구및
 지도법","월3(A403)
 화3,4(A403)",3,1전선,HATT0081,3,3,0,1,박재현,
205,사범대학 국어교육과,"국어교과교재연구및
 지도법","월4(A403)
 수3,4(A403)",3,1전선,HATT0081,3,3,0,2,박재현,
206,사범대학 국어교육과,"고전문학과문화콘텐
 츠(캡스톤디자인)","수5(A102)
 목3,4(A102)",3,1전심,HABA9211,3,1,2,1,최홍원,
207,사범대학 국어교육과,교육과정,"화7,8(A203-B)",3,1교직,HATT0002,2,2,0,1,이용운,
208,사범대학 국어교육과,생활지도및상담,"화5,6(A202)",3,1교직,HATT0056,2,2,0,1,성현모,
209,사범대학 국어교육과,교육방법및교육공학,"월5,6(A102)",3,1교직,HATT0070,2,2,0,1,전신영,
210,사범대학 국어교육과,교직실무,"월7,8(R101)",3,1교직,HATT0104,2,2,0,1,이진숙,
211,사범대학 국어교육과,교육봉사활동1,"토0,1(A403)",3,1교직,HATT0200,1,0,2,1,이진아,
212,사범대학 국어교육과,교육봉사활동2,"토2,3(A403)",3,1교직,HATT0206,1,0,2,1,이진아,
213,사범대학 국어교육과,문예비평론,"화3(A102)
 수3,4(A102)",4,1전선,HABA3302,3,3,0,1,강옥희,
214,사범대학 국어교육과,국어규범교육론,"화4(R209)
 목5,6(R209)",4,1전심,HABA9214,3,3,0,1,오민석,
215,사범대학 국어교육과,국어교육과정과평가,"수5,6(A403)
 목3(A403)",4,1전심,HABA9215,3,3,0,1,박재현,
216,사범대학 국어교육과,학교현장실습,"수10,11(Z100)",4,1교직,HATT0100,2,0,2,1,오민석,
217,사범대학 영어교육과,영어작문,"목7,8(A402)
 금4(A403)",1,1전선,HABB1011,3,3,0,1,사뮤엘데니,
218,사범대학 영어교육과,영어작문,"수6(A203-B)
 금7,8(A402)",1,1전선,HABB1011,3,3,0,2,사뮤엘데니,
219,사범대학 영어교육과,영어독해,"수2(A402)
 금5,6(A402)",1,1전선,HABB1032,3,3,0,1,최재호,
220,사범대학 영어교육과,영어독해,"월7,8(A402)
 수7(A402)",1,1전선,HABB1032,3,3,0,2,하경영,
221,사범대학 영어교육과,영어문법지도법,"목3,4(A403-B)
 목0(Z201)",1,1전선,HABB1121,3,3,0,1,오은정,b-러닝
222,사범대학 영어교육과,영어문법지도법,"목5,6(A403-B)
 목0(Z201)",1,1전선,HABB1121,3,3,0,2,오은정,b-러닝
223,사범대학 영어교육과,미래교사와인성,금9(Z100),1,1교직,HATT0001,1,1,0,6,오은정,
224,사범대학 영어교육과,미래교사와인성,금9(Z100),1,1교직,HATT0001,1,1,0,7,유현주,
225,사범대학 영어교육과,미래교사와인성,금9(Z100),1,1교직,HATT0001,1,1,0,8,사뮤엘데니,
226,사범대학 영어교육과,미래교사와인성,금9(Z100),1,1교직,HATT0001,1,1,0,9,"데이브드켈
 로그",
227,사범대학 영어교육과,미래교사와의사소통,수8(T301),1,1교직,HATT0011,1,1,0,1,장덕호,
228,사범대학 영어교육과,영미문화,"월3,4(R204)
 화7(R204)",2,1전선,HABB2141,3,3,0,1,유현주,
229,사범대학 영어교육과,영미문화,"월7,8(R204)
 화8(R204)",2,1전선,HABB2141,3,3,0,2,유현주,
230,사범대학 영어교육과,영어학개론,"화3,4(A402)
 화0(Z201)",2,1전선,HABB3251,3,3,0,1,오은정,b-러닝
231,사범대학 영어교육과,영어학개론,"화5,6(A402)
 화0(Z201)",2,1전선,HABB3251,3,3,0,2,오은정,b-러닝
232,사범대학 영어교육과,중급영어회화,"수7,8(A203-B)",2,1전선,HABB6002,2,2,0,1,사뮤엘데니,
233,사범대학 영어교육과,"제2언어교수법(TESO
 L)","금3(A402)
 금0,1(Z201)",2,1전선,HATT0097,3,3,0,1,이진아,b-러닝
234,사범대학 영어교육과,"제2언어교수법(TESO
 L)","금4(A402)
 금0,1(Z201)",2,1전선,HATT0097,3,3,0,2,이진아,b-러닝
235,사범대학 영어교육과,교육심리,"월5,6(A202)",2,1교직,HATT0020,2,2,0,2,이광희,
236,사범대학 영어교육과,교육철학및교육사,"목5,6(A403)",2,1교직,HATT0030,2,2,0,2,김주환,
237,사범대학 영어교육과,영어문장분석과지도,"월3,4(A402)
 화2(A402)",3,1전선,HABB0001,3,3,0,1,오은정,
238,사범대학 영어교육과,영어쓰기지도,"목6(A402)
 금5,6(A403-B)",3,1전선,HABB2151,3,3,0,1,"데이브드켈
 로그",
239,사범대학 영어교육과,영문학강독1,"월5,6(A402)
 목5(A402)",3,1전선,HABB3271,3,3,0,1,유현주,
240,사범대학 영어교육과,커뮤니케이션스킬,"화3,4(A203-B)",3,1전심,HABB1111,2,2,0,1,"데이브드켈
 로그",
241,사범대학 영어교육과,영어교과논리및논술,"금2,3,4(A403-B)",3,1전심,HABB3231,3,3,0,1,최재호,
242,사범대학 영어교육과,영어교과논리및논술,"금7,8,9(A403-B)",3,1전심,HABB3231,3,3,0,2,최재호,
243,사범대학 영어교육과,영어교과교육론,"수3,4(A402)
 목3(A402)",3,1전심,HATT0062,3,3,0,1,이진아,
244,사범대학 영어교육과,영어교과교육론,"수5,6(A402)
 목4(A402)",3,1전심,HATT0062,3,3,0,2,이진아,
245,사범대학 영어교육과,교육과정,"화5,6(A203-B)",3,1교직,HATT0002,2,2,0,2,이용운,
246,사범대학 영어교육과,생활지도및상담,"목7,8(A403)",3,1교직,HATT0056,2,2,0,2,이광희,
247,사범대학 영어교육과,교육방법및교육공학,"화7,8(A402)",3,1교직,HATT0070,2,2,0,2,조명희,
248,사범대학 영어교육과,교직실무,"월7,8(A202)",3,1교직,HATT0104,2,2,0,2,백수은,
249,사범대학 영어교육과,교육봉사활동1,"토0,1(A403)",3,1교직,HATT0200,1,0,2,1,이진아,
250,사범대학 영어교육과,교육봉사활동2,"토2,3(A403)",3,1교직,HATT0206,1,0,2,1,이진아,
251,사범대학 영어교육과,화용론과교실담화,"월5,6(R204)
 수2(A202)",4,1전선,HABB0003,3,3,0,1,하경영,
252,사범대학 교육학과,교육학개론,"월7,8,9(R108)",1,1전선,HABE0001,3,3,0,1,김우영,
253,사범대학 교육학과,교육학개론,"화7,8,9(A102)",1,1전선,HABE0001,3,3,0,2,김우영,
254,사범대학 교육학과,인간발달과교육,"월6(R108)
 화5,6(R108)",1,1전선,HABE1122,3,3,0,1,장석진,
255,사범대학 교육학과,교육과법,"월1,2(R108)
 월0(Z201)",1,1전선,HABE4221,3,3,0,1,장덕호,b-러닝
256,사범대학 교육학과,미래교사와인성,금10(Z100),1,1교직,HATT0001,1,1,0,10,김우영,
257,사범대학 교육학과,미래교사와인성,금10(Z100),1,1교직,HATT0001,1,1,0,11,이현우,
258,사범대학 교육학과,미래교사와인성,화10(Z100),1,1교직,HATT0001,1,1,0,12,이원석,
259,사범대학 교육학과,미래교사와인성,금10(Z100),1,1교직,HATT0001,1,1,0,13,장석진,
260,사범대학 교육학과,미래교사와인성,금10(Z100),1,1교직,HATT0001,1,1,0,14,김효선,
261,사범대학 교육학과,미래교사와의사소통,수8(T301),1,1교직,HATT0011,1,1,0,1,장덕호,
262,사범대학 교육학과,교육과정,"화3(R108)
 목1,2(R108)",2,1전선,HABE2172,3,3,0,1,이정민,
263,사범대학 교육학과,교육과정,"수7,8,9(R406)",2,1전선,HABE2172,3,3,0,2,이정민,
264,사범대학 교육학과,교육평가,"화1,2(R108)
 화0(Z201)",2,1전선,HABE3161,3,3,0,1,이원석,b-러닝
265,사범대학 교육학과,교육평가,"화7,8(R406)
 화0(Z201)",2,1전선,HABE3161,3,3,0,2,이원석,b-러닝
266,사범대학 교육학과,교육행정,"월3(R108)
 수1,2(R108)",2,1전선,HABE3272,3,3,0,1,장덕호,
267,사범대학 교육학과,인적자원개발론,"수6(R108)
 목5,6(R108)",2,1전선,HABE9232,3,2,1,1,김효선,
268,사범대학 교육학과,미래교사와학교현장,월10(A403),2,1교직,HATT0004,1,1,0,1,김효선,
269,사범대학 교육학과,특수교육학개론,"월7,8(A403)",2,1교직,HATT0103,2,2,0,2,이일화,
270,사범대학 교육학과,평생교육방법론,"화5,6(A403-B)
 수5(R108)",3,1전선,HABE0005,3,3,0,1,김효선,
271,사범대학 교육학과,"청소년프로그램개발
 과평가(캡스톤디자인)","목7,8,9(R108)",3,1전선,HABE9216,3,2,1,1,이원석,
272,사범대학 교육학과,"교육학교과교재연구
 및지도법","금1,2,3(R108)",3,1전선,HATT0085,3,3,0,1,이현우,
273,사범대학 교육학과,"이러닝콘텐츠기획및
 설계(캡스톤디자인)","수7,8,9(R108)",3,1전심,HABE9234,3,1.5,1.5,1,이현우,
274,사범대학 교육학과,교육봉사활동1,"토0,1(A403)",3,1교직,HATT0200,1,0,2,1,이진아,
275,사범대학 교육학과,교육봉사활동2,"토2,3(A403)",3,1교직,HATT0206,1,0,2,1,이진아,
276,사범대학 교육학과,"학교폭력예방및학생
 의이해","월5,6(A403-B)",3,1교직,HATT0210,2,2,0,1,김우영,
277,사범대학 교육학과,청소년문제와보호,"화4(R108)
 목3,4(R108)",4,1전선,HABE9215,3,3,0,1,이정민,
278,사범대학 교육학과,교수설계이론과실제,"화7,8,9(R108)",4,1전심,HABE9235,3,1.5,1.5,1,이현우,
279,사범대학 교육학과,학교현장실습,"수10,11(Z100)",4,1교직,HATT0100,2,0,2,3,이현우,
280,사범대학 수학교육과,미적분학교육1,"화6(A304)
 목7,8(A304)",1,1전선,HABF1011,3,3,0,1,황병훈,
281,사범대학 수학교육과,선형대수학1,"화3,4(R107)
 목4(R107)",1,1전선,HABF2141,3,3,0,1,노정원,
282,사범대학 수학교육과,미래교사와인성,금10(Z100),1,1교직,HATT0001,1,1,0,15,김연호,
283,사범대학 수학교육과,미래교사와인성,금10(Z100),1,1교직,HATT0001,1,1,0,16,배윤한,
284,사범대학 수학교육과,미래교사와인성,금10(Z100),1,1교직,HATT0001,1,1,0,17,노정원,
285,사범대학 수학교육과,미래교사와인성,금10(Z100),1,1교직,HATT0001,1,1,0,18,황병훈,
286,사범대학 수학교육과,미래교사와의사소통,수8(T301),1,1교직,HATT0011,1,1,0,1,장덕호,
287,사범대학 수학교육과,융복합수학,"화1,2(A304)
 수6(A304)",2,1전선,HABF0003,3,3,0,1,김연호,
288,사범대학 수학교육과,정수론,"화5(R110)
 목5,6(A304)",2,1전선,HABF1032,3,3,0,1,노정원,
289,사범대학 수학교육과,위상수학1,"월4(A202)
 수3,4(A202)",2,1전선,HABF3231,3,3,0,1,황병훈,"2학년 전용
 분반"
290,사범대학 수학교육과,위상수학1,"월7,8(A403-B)
 수6(A403-B)",2,1전선,HABF3231,3,3,0,2,황병훈,"3학년 전용
 분반"
291,사범대학 수학교육과,위상수학1,"수5(R110)
 목1,2(A304)",2,1전선,HABF3231,3,3,0,3,황병훈,
292,사범대학 수학교육과,교육사회,"월5,6(A203-B)",2,1교직,HATT0040,2,2,0,2,박재현,
293,사범대학 수학교육과,디지털교육,월7(A102),2,1교직,HATT0212,1,1,0,2,전신영,
294,사범대학 수학교육과,확률및통계1,"화4(A304)
 수7,8(A304)",3,1전선,HABF3241,3,3,0,1,배윤한,
295,사범대학 수학교육과,확률및통계1,"화5(A304)
 목3,4(R209)",3,1전선,HABF3241,3,3,0,2,배윤한,
296,사범대학 수학교육과,현대대수학1,"월2(A203-B)
 수3,4(A203-B)",3,1전선,HABF3251,3,3,0,1,김기택,
297,사범대학 수학교육과,현대대수학1,"월2(A304)
 수3,4(A304)",3,1전선,HABF3251,3,3,0,2,김연호,
298,사범대학 수학교육과,해석학2,"월3,4(A304)
 화3(A304)",3,1전심,HABF2202,3,3,0,1,김연호,
299,사범대학 수학교육과,"수학교과교재연구및
 지도법","금1,2,3(A304)",3,1전심,HATT0086,3,3,0,1,박수민,
300,사범대학 수학교육과,"수학교과교재연구및
 지도법","금1,2,3(A203-B)",3,1전심,HATT0086,3,3,0,2,노정원,
301,사범대학 수학교육과,교육평가,"목7,8(A403-B)",3,1교직,HATT0003,2,2,0,2,이나현,
302,사범대학 수학교육과,교육행정및교육경영,"화7,8(A202)",3,1교직,HATT0090,2,2,0,2,박혜연,
303,사범대학 수학교육과,특수교육학개론,"금5,6(A403)",3,1교직,HATT0103,2,2,0,3,신혜연,
304,사범대학 수학교육과,교육봉사활동1,"토0,1(A403)",3,1교직,HATT0200,1,0,2,1,이진아,
305,사범대학 수학교육과,교육봉사활동2,"토2,3(A403)",3,1교직,HATT0206,1,0,2,1,이진아,
306,사범대학 수학교육과,"학교폭력예방및학생
 의이해","금7,8(A403)",3,1교직,HATT0210,2,2,0,3,김현영,
307,사범대학 수학교육과,"인공지능과확률통계
 교육","월7,8(A304)
 수5(A304)",4,1전선,HABF4221,3,3,0,1,배윤한,
308,사범대학 수학교육과,실함수론,"월6(A304)
 목3,4(A304)",4,1전심,HABF4201,3,3,0,1,김연호,
309,사범대학 수학교육과,수학교육종합설계,"수7,8,9(A102)",4,1전심,HABF4231,3,1,2,1,노정원,
310,사범대학 수학교육과,학교현장실습,"수10,11(Z100)",4,1교직,HATT0100,2,0,2,4,노정원,
311,경영경제대학 경제금융학부,소비자심리의이해,"화7,8,9(R209)",1,1전선,HAAC9235,3,3,0,1,이준영,
312,경영경제대학 경제금융학부,금융경제와데이터,"목1,2(T202)
 목0(Z201)",1,1전선,HAAC9250,3,2,1,1,최동욱,b-러닝
313,경영경제대학 경제금융학부,금융경제와데이터,"목3,4(A501)
 목0(Z201)",1,1전선,HAAC9250,3,2,1,2,최동욱,b-러닝
314,경영경제대학 경제금융학부,경제학입문,"월6(R101)
 화3,4(R102)",1,1전선,HAUS0009,3,3,0,1,서은숙,
315,경영경제대학 경제금융학부,경제학입문,"월7(R203) 화5,6(R205)",1,1전선,HAUS0009,3,3,0,2,서은숙,"경제금융학부 1학년 전용
 교과목"
316,경영경제대학 경제금융학부,미시경제학,"월5,6(SB004)
 월0(Z201)",2,1전선,HAAC2121,3,3,0,1,유경원,b-러닝
317,경영경제대학 경제금융학부,미시경제학,"월7,8(SB004)
 월0(Z201)",2,1전선,HAAC2121,3,3,0,2,유경원,b-러닝
318,경영경제대학 경제금융학부,미시경제학,"금4,5,6(T201)",2,1전선,HAAC2121,3,3,0,3,최동욱,
319,경영경제대학 경제금융학부,거시경제학,"화7(T201)
 수5,6(T201)",2,1전선,HAAC2131,3,3,0,1,김영준,
320,경영경제대학 경제금융학부,경제학방법론,"목3,4(T102)
 목0(Z201)",2,1전선,HAAC3003,3,3,0,1,황상현,b-러닝
321,경영경제대학 경제금융학부,경제학방법론,"목5,6(T102)
 목0(Z201)",2,1전선,HAAC3003,3,3,0,2,황상현,b-러닝
322,경영경제대학 경제금융학부,재무경제학,"월1,2(T201)
 수2(T201)",2,1전선,HAAC5003,3,3,0,1,유승동,
323,경영경제대학 경제금융학부,재무경제학,"월3,4(T201)
 목2(T201)",2,1전선,HAAC5003,3,3,0,2,유승동,
324,경영경제대학 경제금융학부,"소비자주의와시장환
 경","화5,6(R208)
 목7(R208)",2,1전선,HAAC9237,3,3,0,1,양세정,
325,경영경제대학 경제금융학부,소비자와유통,"수7,8,9(T201)",2,1전선,HAAC9255,3,3,0,1,이준영,
326,경영경제대학 경제금융학부,경제학특강,"화7,8,9(T301)",2,1전선,HAAC9258,3,3,0,1,황상현,P/F 교과목
327,경영경제대학 경제금융학부,소비자의사결정론,"화2,3(R209)
 화0(Z201)",2,1전선,HAAC9261,3,1,2,1,서인주,b-러닝
328,경영경제대학 경제금융학부,국제경제학,"월7(T201)
 목5,6(T201)",3,1전선,HAAC0012,3,3,0,1,김영준,
329,경영경제대학 경제금융학부,데이터분석의이해,"월5,6(T201)
 월0(Z201)",3,1전선,HAAC9003,3,1,2,1,이동진,b-러닝
330,경영경제대학 경제금융학부,행동경제학,"화7,8(SB004)
 화0(Z201)",3,1전선,HAAC9214,3,3,0,1,유경원,b-러닝
331,경영경제대학 경제금융학부,조세제도와정책,"수5,6(T305)
 수0(Z201)",3,1전선,HAAC9248,3,3,0,1,황상현,b-러닝
332,경영경제대학 경제금융학부,금융시장과금융기관,"화2,3(T201)
 목4(T201)",3,1전심,HAAC0002,3,3,0,1,정지만,
333,경영경제대학 경제금융학부,금융시장과금융기관,"화5,6(T201)
 목3(T201)",3,1전심,HAAC0002,3,3,0,2,정지만,
334,경영경제대학 경제금융학부,자산운용과투자전략,"월3,4(R209)
 월0(Z201)",3,1전심,HAAC9002,3,2,1,1,서은숙,b-러닝
335,경영경제대학 경제금융학부,"현장실습학기제(경제
 금융)",토1(Z200),전체,1전선,HAAC9222,15,0,15,1,최동욱,
336,경영경제대학 경영학부,"마케팅트렌드&인사이
 트","월7,8,9(R406)",1,1전선,HAAE9234,3,1.5,1.5,1,최은정,
337,경영경제대학 경영학부,경영학원론,"월7,8(T303) 화9(T303)",1,1전선,HAFB0002,3,3,0,1,김기태,"경영학부 신입생 전용 분반(경영학부 재학생 및 타학과 학생
 수강 금지)"
338,경영경제대학 경영학부,경영학원론,"월9(T303) 화7,8(T303)",1,1전선,HAFB0002,3,3,0,2,김기태,"경영학부 신입생 전용 분반(경영학부 재학생 및 타학과 학생
 수강 금지)"
339,경영경제대학 경영학부,경영학원론,"월5(T303)
 화3,4(T303)",1,1전선,HAFB0002,3,3,0,3,김기태,
340,경영경제대학 경영학부,경영학원론,"월2(R205) 화3,4(R205)",1,1전선,HAFB0002,3,3,0,4,최병권,"경영학부 및 타학과 재학생 전용 분반(신입생
 수강 금지)"
341,경영경제대학 경영학부,경영학원론,"수7,8,9(T303)",1,1전선,HAFB0002,3,3,0,5,이승혜,
342,경영경제대학 경영학부,생산관리,"화5,6(N305)
 화0(Z201)",2,1전선,HAAE0010,3,3,0,1,유태종,b-러닝
343,경영경제대학 경영학부,생산관리,"화7,8(N305)
 화0(Z201)",2,1전선,HAAE0010,3,3,0,2,유태종,b-러닝
344,경영경제대학 경영학부,생산관리,"수5,6(T303)
 수0(Z201)",2,1전선,HAAE0010,3,3,0,3,유태종,b-러닝
345,경영경제대학 경영학부,생산관리,"수7,8(T101)
 수0(Z201)",2,1전선,HAAE0010,3,3,0,4,유태종,b-러닝
346,경영경제대학 경영학부,생산관리,"월5,6(N505)
 월0(Z201)",2,1전선,HAAE0010,3,3,0,5,이수철,b-러닝
347,경영경제대학 경영학부,생산관리,"월7,8(R205)
 월0(Z201)",2,1전선,HAAE0010,3,3,0,6,이수철,b-러닝
348,경영경제대학 경영학부,회계원리,"수7,8,9(N202)",2,1전선,HAAE1122,3,3,0,1,유재권,
349,경영경제대학 경영학부,회계원리,"목7,8,9(N206)",2,1전선,HAAE1122,3,3,0,2,유재권,
350,경영경제대학 경영학부,회계원리,"금3,4,5(N305)",2,1전선,HAAE1122,3,3,0,3,유재권,
351,경영경제대학 경영학부,회계원리,"화3,4(N305) 화0(Z201)",2,1전선,HAAE1122,3,3,0,4,김정연,"외국인유학생 전용분반/b-러
 닝"
352,경영경제대학 경영학부,회계원리,"금5,6(SB002)
 금0(Z201)",2,1전선,HAAE1122,3,3,0,5,김준현,b-러닝
353,경영경제대학 경영학부,마케팅,"목7,8,9(T301)",2,1전선,HAAE2131,3,3,0,1,양석준,
354,경영경제대학 경영학부,마케팅,"월5,6(SB002)
 수6(SB001)",2,1전선,HAAE2131,3,3,0,2,최준원,
355,경영경제대학 경영학부,마케팅,"월7,8(SB002)
 수7(N206)",2,1전선,HAAE2131,3,3,0,3,최준원,
356,경영경제대학 경영학부,마케팅,"화5,6(N304)
 수8(N206)",2,1전선,HAAE2131,3,3,0,4,최준원,
357,경영경제대학 경영학부,마케팅,"화7,8(SB002)
 수9(SB002)",2,1전선,HAAE2131,3,3,0,5,최준원,
358,경영경제대학 경영학부,원가회계,"월3,4(N305)
 월0(Z201)",2,1전선,HAAE2141,3,3,0,1,김정연,b-러닝
359,경영경제대학 경영학부,원가회계,"월5,6(N305)
 월0(Z201)",2,1전선,HAAE2141,3,3,0,2,김정연,b-러닝
360,경영경제대학 경영학부,재무관리,"화3,4(T101)
 수3(T101)",2,1전선,HAAE3211,3,3,0,1,서지용,
361,경영경제대학 경영학부,재무관리,"화5,6(T101)
 수4(T101)",2,1전선,HAAE3211,3,3,0,2,서지용,
362,경영경제대학 경영학부,재무관리,"수7,8,9(N305)",2,1전선,HAAE3211,3,3,0,3,권세훈,
363,경영경제대학 경영학부,재무관리,"목7,8,9(N305)",2,1전선,HAAE3211,3,3,0,4,권세훈,
364,경영경제대학 경영학부,재무관리,"월3,4(SB002)
 화3(SB002)",2,1전선,HAAE3211,3,3,0,5,김성신,
365,경영경제대학 경영학부,경영조직론,"월3,4(T403)
 월0(Z201)",2,1전선,HAAE6002,3,3,0,1,최영근,b-러닝
366,경영경제대학 경영학부,경영조직론,"월5,6(T403)
 월0(Z201)",2,1전선,HAAE6002,3,3,0,2,최영근,b-러닝
367,경영경제대학 경영학부,ICT융합비즈니스개론,"화7,8,9(T403)",2,1전선,HAAE9215,3,3,0,1,이애리,
368,경영경제대학 경영학부,ICT융합비즈니스개론,"금4,5,6(T301)",2,1전선,HAAE9215,3,3,0,2,이애리,
369,경영경제대학 경영학부,"마케팅리서치&어낼리
 틱스","목5,6(T202)
 목0(Z201)",3,1전선,HAAE0005,3,1,2,1,양석준,b-러닝
370,경영경제대학 경영학부,중급회계1,"수5(R109)
 목3,4(T101)",3,1전선,HAAE9004,3,3,0,1,김준현,
371,경영경제대학 경영학부,중급회계1,"수6(R109)
 목7,8(N202)",3,1전선,HAAE9004,3,3,0,2,김준현,
372,경영경제대학 경영학부,품질경영론,"수3,4(T303)
 수0(Z201)",3,1전심,HAAE0003,3,3,0,1,유태종,b-러닝
373,경영경제대학 경영학부,품질경영론,"화3,4(N301-3)
 화0(Z201)",3,1전심,HAAE0003,3,3,0,2,윤영진,b-러닝
374,경영경제대학 경영학부,품질경영론,"화5,6(R102)
 화0(Z201)",3,1전심,HAAE0003,3,3,0,3,이수철,b-러닝
375,경영경제대학 경영학부,경영빅데이터분석,"목4,5,6(R212)",3,1전심,HAAE6005,3,1,2,1,이애리,
376,경영경제대학 경영학부,경영빅데이터분석,"금7,8,9(N305)",3,1전심,HAAE6005,3,1,2,2,신재우,
377,경영경제대학 경영학부,데이터와금융,"화7,8,9(T202)",3,1전심,HAAE9230,3,2,1,1,권세훈,
378,경영경제대학 경영학부,IT경영과혁신,"월7,8,9(SB001)",4,1전선,HAAE9012,3,3,0,1,유진호,
379,경영경제대학 경영학부,IT경영과혁신,"수7,8,9(SB001)",4,1전선,HAAE9012,3,3,0,2,유진호,
380,경영경제대학 경영학부,IT경영과혁신,"금4,5,6(T303)",4,1전선,HAAE9012,3,3,0,3,유진호,"외국인유학생
 전용분반"
381,경영경제대학 경영학부,금융기관경영론,"월7(N305)
 수5,6(N305)",4,1전심,HAAE9006,3,3,0,1,김성신,
382,경영경제대학 경영학부,"서비스비즈니스모델
 개발(캡스톤디자인)","월3,4(N206)
 월0(Z201)",4,1전심,HAAE9008,3,1,2,1,윤영진,b-러닝
383,경영경제대학 경영학부,"서비스비즈니스모델
 개발(캡스톤디자인)","월5,6(N206)
 월0(Z201)",4,1전심,HAAE9008,3,1,2,2,윤영진,b-러닝
384,경영경제대학 경영학부,금융산업의이해,"수5(T101)
 금3,4(T101)",4,1전심,HAAE9213,3,3,0,1,서지용,
385,경영경제대학 경영학부,금융산업의이해,"수6(T101)
 금5,6(T101)",4,1전심,HAAE9213,3,3,0,2,서지용,
386,경영경제대학 경영학부,기업윤리,"월3,4(T303)
 화2(T303)",4,1전심,HAAE9225,3,3,0,1,최병권,
387,경영경제대학 경영학부,기업윤리,"월6(T101)
 화7,8(T101)",4,1전심,HAAE9225,3,3,0,2,최병권,
388,경영경제대학 경영학부,기업윤리,"월7,8(T101)
 화6(T303)",4,1전심,HAAE9225,3,3,0,3,최병권,
389,경영경제대학 경영학부,고용관계론,"금7,8,9(T303)",4,1전심,HAAE9236,3,1,2,1,박현국,
390,경영경제대학 경영학부,마케팅프로젝트,"화4,5,6(T403)",4,1전심,HAAE9254,3,1,2,1,최은정,"마케팅 혹은 마케팅 유관 수업 1개 이상 수강한 학생에 한함/ 외국인학생
 수강 불가"
391,경영경제대학 경영학부,현장실습학기제(경영),토0(Z200),전체,1전선,HAAE9211,15,0,15,1,최영근,
392,경영경제대학 경영학부,일경험(경영),토1(Z200),전체,1전선,HAAE9257,12,0,12,1,최영근,
393,경영경제대학 글로벌경영학과,"국제무역의역사적이
 해","금7,8,9(N201)",1,1전선,HAAM9229,3,3,0,1,"김동호,김은
 수",
394,경영경제대학 글로벌경영학과,국제통상과기업경영,"화4(T406)
 목3,4(T406)",1,1전선,HAFB0004,3,3,0,1,김효정,
395,경영경제대학 글로벌경영학과,국제통상과기업경영,"화5(T406)
 목5,6(T406)",1,1전선,HAFB0004,3,3,0,2,김효정,
396,경영경제대학 글로벌경영학과,국제통상과기업경영,"월7,8,9(T403)",1,1전선,HAFB0004,3,3,0,3,이한석,
397,경영경제대학 글로벌경영학과,무역실무,"금4,5,6(N303)",2,1전선,HAAM0013,3,3,0,1,김동호,
398,경영경제대학 글로벌경영학과,무역실무,"목7,8,9(T303)",2,1전선,HAAM0013,3,3,0,2,이승배,
399,경영경제대학 글로벌경영학과,비즈니스영어,"월3,4(T406)
 화3(T406)",2,1전선,HAAM2031,3,2,1,1,김효정,
400,경영경제대학 글로벌경영학과,비즈니스영어,"수3,4(T403)
 목2(T403)",2,1전선,HAAM2031,3,2,1,2,손인수,
401,경영경제대학 글로벌경영학과,글로벌마케팅원론,"월7,8,9(T406)",2,1전선,HAAM5005,3,3,0,1,김병재,
402,경영경제대학 글로벌경영학과,글로벌마케팅원론,"수7,8,9(T102)",2,1전선,HAAM5005,3,3,0,2,김병재,
403,경영경제대학 글로벌경영학과,글로벌마케팅원론,"월3,4(T102)
 수6(T102)",2,1전선,HAAM5005,3,3,0,3,이한석,
404,경영경제대학 글로벌경영학과,"글로벌비즈니스커뮤
 니케이션","수5,6(R205)
 목1(R205)",2,1전선,HAAM9212,3,3,0,1,오철,"중국인 유학생
 수강불가"
405,경영경제대학 글로벌경영학과,"글로벌비즈니스커뮤
 니케이션","수4(R205)
 목5,6(R205)",2,1전선,HAAM9212,3,3,0,2,오철,"중국인 유학생
 수강불가"
406,경영경제대학 글로벌경영학과,"4차산업혁명과벤처경
 영론","월5,6(T406)
 수3(T406)",2,1전선,HAAM9219,3,2,1,1,최원용,
407,경영경제대학 글로벌경영학과,비즈니스회계실무,"수7,8,9(A203)",2,1전선,HAAM9221,3,2,1,1,한영도,
408,경영경제대학 글로벌경영학과,글로벌서비스경영론,"금4,5,6(R205)",3,1전선,HAAM0010,3,2,1,1,김동원,
409,경영경제대학 글로벌경영학과,국제무역론,"화1,2(T102)
 수3(T102)",3,1전선,HAAM3001,3,2,1,1,오철,
410,경영경제대학 글로벌경영학과,국제무역론,"금1,2,3(N201)",3,1전선,HAAM3001,3,2,1,2,김동호,"외국인유학생
 전용분반"
411,경영경제대학 글로벌경영학과,"전략경영론(캡스톤디
 자인)","수7,8,9(R205)",3,1전선,HAAM6005,3,2,1,1,권기환,
412,경영경제대학 글로벌경영학과,"프로젝트매니지먼트(
 캡스톤디자인)","수5(T403)
 목5,6(T403)",3,1전선,HAAM7002,3,2,1,1,손인수,
413,경영경제대학 글로벌경영학과,글로벌물류,"화7,8,9(T406)",3,1전선,HAAM9003,3,2,1,1,조영곤,
414,경영경제대학 글로벌경영학과,국제마케팅,"월3,4(R205)
 목2(R205)",3,1전심,HAAM0003,3,3,0,1,김동원,
415,경영경제대학 글로벌경영학과,국제마케팅,"월5,6(R205)
 목3(R205)",3,1전심,HAAM0003,3,3,0,2,김동원,
416,경영경제대학 글로벌경영학과,글로벌비즈니스실습,"월7,8,9(T102)",3,1전심,HAAM9006,3,1,2,1,김효정,
417,경영경제대학 글로벌경영학과,글로벌비즈니스실습,"화7,8,9(T102)",3,1전심,HAAM9006,3,1,2,2,김효정,
418,경영경제대학 글로벌경영학과,디지털마케팅론,"수2(T403)
 목3,4(T403)",4,1전선,HAAM5009,3,2,1,1,손인수,
419,경영경제대학 글로벌경영학과,디지털마케팅론,"금4,5,6(T102)",4,1전선,HAAM5009,3,2,1,2,손인수,
420,경영경제대학 글로벌경영학과,글로벌유통관리,"수7,8,9(T306)",4,1전심,HAAM0012,3,2,1,1,이한석,
421,경영경제대학 글로벌경영학과,다국적기업경영론,"화4(T102)
 수5,6(T406)",4,1전심,HAAM6002,3,1,2,1,조영곤,
422,경영경제대학 글로벌경영학과,다국적기업경영론,"화5,6(T102)
 수4(T406)",4,1전심,HAAM6002,3,1,2,2,조영곤,
423,경영경제대학 글로벌경영학과,"현장실습학기제(글로
 벌경영)",토1(Z200),전체,1전선,HAAM9211,15,0,15,1,한영도,
424,경영경제대학 융합경영학과,경제학입문,"토4,5,6(R202)",1,1전선,HABI0001,3,3,0,1,박래운,"융합경영학과
 전용수업"
425,경영경제대학 융합경영학과,경영학원론,"토1,2,3(T406)",1,1전선,HABI0002,3,3,0,1,고은정,"융합경영학과
 전용수업"
426,경영경제대학 융합경영학과,경영경제통계,"수11,12,13(G307)",2,1전선,HABI0005,3,2,1,1,최동욱,"융합경영학과
 전용수업"
427,경영경제대학 융합경영학과,재무관리,"화11,12(N201) 화0(Z201)",2,1전선,HABI0006,3,3,0,1,김성신,"융합경영학과 전용수업,b-러
 닝"
428,경영경제대학 융합경영학과,마케팅,"토1,2,3(T305)",2,1전선,HABI0007,3,3,0,1,최준원,"융합경영학과
 전용수업"
429,경영경제대학 융합경영학과,전략경영,"월11,12,13(T406)",2,1전선,HABI0008,3,3,0,1,최원용,"융합경영학과
 전용수업"
430,경영경제대학 융합경영학과,거시경제학,"화11,12,13(T303)",3,1전선,HABI0017,3,3,0,1,유만식,"융합경영학과
 전용수업"
431,경영경제대학 융합경영학과,e-commerce,"수11,12,13(T406)",3,1전선,HABI0018,3,2,1,1,손인수,"융합경영학과
 전용수업"
432,경영경제대학 융합경영학과,무역실무,"토4,5,6(N201)",3,1전선,HABI0025,3,2,1,1,김동호,"융합경영학과
 전용수업"
433,경영경제대학 부동산학연계전공,미시경제학,"월5,6(SB004)
 월0(Z201)",전체,1전선,HAAC2121,3,3,0,1,유경원,b-러닝
434,경영경제대학 부동산학연계전공,미시경제학,"월7,8(SB004)
 월0(Z201)",전체,1전선,HAAC2121,3,3,0,2,유경원,b-러닝
435,경영경제대학 부동산학연계전공,미시경제학,"금4,5,6(T201)",전체,1전선,HAAC2121,3,3,0,3,최동욱,
436,경영경제대학 부동산학연계전공,거시경제학,"화7(T201)
 수5,6(T201)",전체,1전선,HAAC2131,3,3,0,1,김영준,
437,경영경제대학 부동산학연계전공,재무경제학,"월1,2(T201)
 수2(T201)",전체,1전선,HAAC5003,3,3,0,1,유승동,
438,경영경제대학 부동산학연계전공,재무경제학,"월3,4(T201)
 목2(T201)",전체,1전선,HAAC5003,3,3,0,2,유승동,
439,경영경제대학 부동산학연계전공,행정학개론,"월3,4(N304)
 목6(N304)",전체,1전선,HAAT0003,3,3,0,1,박정호,
440,경영경제대학 부동산학연계전공,행정학개론,"화8(N304)
 수3,4(N304)",전체,1전선,HAAT0003,3,3,0,2,박정호,
441,경영경제대학 부동산학연계전공,도시및지방행정론,"월5,6(R109)
 월0(Z201)",전체,1전선,HAAT0012,3,3,0,1,김영미,b-러닝
442,경영경제대학 부동산학연계전공,환경과주택의이해,"수4,5,6(R211)",전체,1전선,HASP0001,3,3,0,1,신화경,
443,경영경제대학 부동산학연계전공,정부와제도,"목7,8,9(N203)",전체,1전선,HAUS0020,3,3,0,1,김상우,
444,경영경제대학 부동산학연계전공,자산운용과투자전략,"월3,4(R209)
 월0(Z201)",전체,1전심,HAAC9002,3,2,1,1,서은숙,b-러닝
445,경영경제대학 빅데이터애널리틱스융합전공,디지털마케팅론,"수2(T403)
 목3,4(T403)",전체,1전선,HAAM5009,3,2,1,1,손인수,
446,경영경제대학 빅데이터애널리틱스융합전공,디지털마케팅론,"금4,5,6(T102)",전체,1전선,HAAM5009,3,2,1,2,손인수,
447,경영경제대학 빅데이터애널리틱스융합전공,파이썬프로그래밍,"월7,8,9(G209)",전체,1전선,HAEA9225,3,2,1,1,조용주,
448,경영경제대학 빅데이터애널리틱스융합전공,파이썬프로그래밍,"화7,8,9(G209)",전체,1전선,HAEA9225,3,2,1,2,조용주,
449,경영경제대학 빅데이터애널리틱스융합전공,파이썬프로그래밍,"금3,4,5(G209)",전체,1전선,HAEA9225,3,2,1,3,나재호,
450,경영경제대학 빅데이터애널리틱스융합전공,파이썬프로그래밍,"금7,8,9(G209)",전체,1전선,HAEA9225,3,2,1,4,나재호,
451,경영경제대학 빅데이터애널리틱스융합전공,파이썬프로그래밍,"목7,8,9(G211)",전체,1전선,HAEA9225,3,2,1,5,김혜윤,
452,경영경제대학 빅데이터애널리틱스융합전공,객체지향프로그래밍,"수7,8,9(G311)",전체,1전선,HAIE0007,3,2,1,1,임좌상,
453,경영경제대학 빅데이터애널리틱스융합전공,객체지향프로그래밍,"목7,8,9(G311)",전체,1전선,HAIE0007,3,2,1,2,임좌상,
454,경영경제대학 빅데이터애널리틱스융합전공,"현장실습학기제(빅데
 이터애널리틱스)",토1(Z200),전체,1전선,HAKA0004,15,0,15,1,윤영진,
455,경영경제대학 빅데이터애널리틱스융합전공,데이터사이언스개론,"월7,8,9(N306)",전체,1전선,HAQA0004,3,3,0,1,이명호,
456,경영경제대학 빅데이터애널리틱스융합전공,경영빅데이터분석,"목4,5,6(R212)",전체,1전심,HAAE6005,3,1,2,1,이애리,
457,경영경제대학 빅데이터애널리틱스융합전공,경영빅데이터분석,"금7,8,9(N305)",전체,1전심,HAAE6005,3,1,2,2,신재우,
458,경영경제대학 빅데이터애널리틱스융합전공,"소셜미디어데이터수
 집및분석","목3,4,5(R104)",전체,1전심,HAAH9224,3,2,1,1,이명호,
459,경영경제대학 빅데이터애널리틱스융합전공,"데이터모델링과마이
 닝","월3,4(G210)
 화2(G210)",전체,1전심,HAEA0012,3,1,2,1,송병호,
460,경영경제대학 빅데이터애널리틱스융합전공,"데이터모델링과마이
 닝","월7,8(G210)
 화4(G210)",전체,1전심,HAEA0012,3,1,2,2,송병호,
461,경영경제대학 빅데이터애널리틱스융합전공,"데이터모델링과마이
 닝","화7,8,9(G525)",전체,1전심,HAEA0012,3,1,2,3,배주화,
462,경영경제대학 빅데이터애널리틱스융합전공,블록체인프로그래밍,"금7,8,9(G311)",전체,1전심,HAIE0022,3,1,2,1,임좌상,
463,경영경제대학 스마트생산융합전공,생산관리,"화5,6(N305)
 화0(Z201)",전체,1전선,HAAE0010,3,3,0,1,유태종,b-러닝
464,경영경제대학 스마트생산융합전공,생산관리,"화7,8(N305)
 화0(Z201)",전체,1전선,HAAE0010,3,3,0,2,유태종,b-러닝
465,경영경제대학 스마트생산융합전공,생산관리,"수5,6(T303)
 수0(Z201)",전체,1전선,HAAE0010,3,3,0,3,유태종,b-러닝
466,경영경제대학 스마트생산융합전공,생산관리,"수7,8(T101)
 수0(Z201)",전체,1전선,HAAE0010,3,3,0,4,유태종,b-러닝
467,경영경제대학 스마트생산융합전공,생산관리,"월5,6(N505)
 월0(Z201)",전체,1전선,HAAE0010,3,3,0,5,이수철,b-러닝
468,경영경제대학 스마트생산융합전공,생산관리,"월7,8(R205)
 월0(Z201)",전체,1전선,HAAE0010,3,3,0,6,이수철,b-러닝
469,경영경제대학 스마트생산융합전공,원가회계,"월3,4(N305)
 월0(Z201)",전체,1전선,HAAE2141,3,3,0,1,김정연,b-러닝
470,경영경제대학 스마트생산융합전공,원가회계,"월5,6(N305)
 월0(Z201)",전체,1전선,HAAE2141,3,3,0,2,김정연,b-러닝
471,경영경제대학 스마트생산융합전공,C프로그래밍1,"목7,8,9(G209)",전체,1전선,HAIE0001,3,2,1,1,조용주,
472,경영경제대학 스마트생산융합전공,C프로그래밍1,"금2,3,4(G305)",전체,1전선,HAIE0001,3,2,1,2,이의철,
473,경영경제대학 스마트생산융합전공,지능정보공학설계,"수4,5,6(G310)",전체,1전선,HAIE0002,3,2,1,1,윤희남,
474,경영경제대학 스마트생산융합전공,지능정보공학설계,"수7,8,9(G309)",전체,1전선,HAIE0002,3,2,1,2,윤희남,
475,경영경제대학 스마트생산융합전공,품질경영론,"수3,4(T303)
 수0(Z201)",전체,1전심,HAAE0003,3,3,0,1,유태종,b-러닝
476,경영경제대학 스마트생산융합전공,품질경영론,"화3,4(N301-3)
 화0(Z201)",전체,1전심,HAAE0003,3,3,0,2,윤영진,b-러닝
477,경영경제대학 스마트생산융합전공,품질경영론,"화5,6(R102)
 화0(Z201)",전체,1전심,HAAE0003,3,3,0,3,이수철,b-러닝
478,경영경제대학 스마트생산융합전공,"서비스비즈니스모델
 개발(캡스톤디자인)","월3,4(N206)
 월0(Z201)",전체,1전심,HAAE9008,3,1,2,1,윤영진,b-러닝
479,경영경제대학 스마트생산융합전공,"서비스비즈니스모델
 개발(캡스톤디자인)","월5,6(N206)
 월0(Z201)",전체,1전심,HAAE9008,3,1,2,2,윤영진,b-러닝
480,경영경제대학 신산업비즈니스융합전공,ICT융합비즈니스개론,"화7,8,9(T403)",전체,1전선,HAAE9215,3,3,0,1,이애리,
481,경영경제대학 신산업비즈니스융합전공,ICT융합비즈니스개론,"금4,5,6(T301)",전체,1전선,HAAE9215,3,3,0,2,이애리,
482,경영경제대학 신산업비즈니스융합전공,인공지능,"월1,2,3(G207)",전체,1전선,HAEA0017,3,2,1,1,민경하,
483,경영경제대학 신산업비즈니스융합전공,인공지능,"수5(G211)
 목5,6(G211)",전체,1전선,HAEA0017,3,2,1,2,강상욱,
484,경영경제대학 신산업비즈니스융합전공,인공지능,"수6(G211)
 목1,2(G211)",전체,1전선,HAEA0017,3,2,1,3,강상욱,
485,경영경제대학 신산업비즈니스융합전공,인공지능,"수3(G307)
 목5,6(G307)",전체,1전선,HAEA0017,3,2,1,4,민경하,
486,경영경제대학 신산업비즈니스융합전공,파이썬프로그래밍,"월7,8,9(G209)",전체,1전선,HAEA9225,3,2,1,1,조용주,
487,경영경제대학 신산업비즈니스융합전공,파이썬프로그래밍,"화7,8,9(G209)",전체,1전선,HAEA9225,3,2,1,2,조용주,
488,경영경제대학 신산업비즈니스융합전공,파이썬프로그래밍,"금3,4,5(G209)",전체,1전선,HAEA9225,3,2,1,3,나재호,
489,경영경제대학 신산업비즈니스융합전공,파이썬프로그래밍,"금7,8,9(G209)",전체,1전선,HAEA9225,3,2,1,4,나재호,
490,경영경제대학 신산업비즈니스융합전공,파이썬프로그래밍,"목7,8,9(G211)",전체,1전선,HAEA9225,3,2,1,5,김혜윤,
491,경영경제대학 신산업비즈니스융합전공,지능정보공학설계,"수4,5,6(G310)",전체,1전선,HAIE0002,3,2,1,1,윤희남,
492,경영경제대학 신산업비즈니스융합전공,지능정보공학설계,"수7,8,9(G309)",전체,1전선,HAIE0002,3,2,1,2,윤희남,
493,경영경제대학 신산업비즈니스융합전공,인터랙션디자인,"월4,5,6(G312)",전체,1전선,HAIE0011,3,2,1,1,권지은,
494,경영경제대학 신산업비즈니스융합전공,인터랙션디자인,"화7,8,9(G312)",전체,1전선,HAIE0011,3,2,1,2,권지은,
495,경영경제대학 신산업비즈니스융합전공,금융시장과금융기관,"화2,3(T201)
 목4(T201)",전체,1전심,HAAC0002,3,3,0,1,정지만,
496,경영경제대학 신산업비즈니스융합전공,금융시장과금융기관,"화5,6(T201)
 목3(T201)",전체,1전심,HAAC0002,3,3,0,2,정지만,
497,경영경제대학 핀테크인텔리전스융합전공,데이터분석의이해,"월5,6(T201)
 월0(Z201)",3,1전선,HAAC9003,3,1,2,1,이동진,b-러닝
498,경영경제대학 핀테크인텔리전스융합전공,자산운용과투자전략,"월3,4(R209)
 월0(Z201)",3,1전심,HAAC9002,3,2,1,1,서은숙,b-러닝
499,경영경제대학 핀테크인텔리전스융합전공,재무관리,"화3,4(T101)
 수3(T101)",전체,1전선,HAAE3211,3,3,0,1,서지용,
500,경영경제대학 핀테크인텔리전스융합전공,재무관리,"화5,6(T101)
 수4(T101)",전체,1전선,HAAE3211,3,3,0,2,서지용,
501,경영경제대학 핀테크인텔리전스융합전공,재무관리,"수7,8,9(N305)",전체,1전선,HAAE3211,3,3,0,3,권세훈,
502,경영경제대학 핀테크인텔리전스융합전공,재무관리,"목7,8,9(N305)",전체,1전선,HAAE3211,3,3,0,4,권세훈,
503,경영경제대학 핀테크인텔리전스융합전공,재무관리,"월3,4(SB002)
 화3(SB002)",전체,1전선,HAAE3211,3,3,0,5,김성신,
504,경영경제대학 핀테크인텔리전스융합전공,파이썬프로그래밍,"월7,8,9(G209)",전체,1전선,HAEA9225,3,2,1,1,조용주,
505,경영경제대학 핀테크인텔리전스융합전공,파이썬프로그래밍,"화7,8,9(G209)",전체,1전선,HAEA9225,3,2,1,2,조용주,
506,경영경제대학 핀테크인텔리전스융합전공,파이썬프로그래밍,"금3,4,5(G209)",전체,1전선,HAEA9225,3,2,1,3,나재호,
507,경영경제대학 핀테크인텔리전스융합전공,파이썬프로그래밍,"금7,8,9(G209)",전체,1전선,HAEA9225,3,2,1,4,나재호,
508,경영경제대학 핀테크인텔리전스융합전공,파이썬프로그래밍,"목7,8,9(G211)",전체,1전선,HAEA9225,3,2,1,5,김혜윤,
509,경영경제대학 핀테크인텔리전스융합전공,인터랙션디자인,"월4,5,6(G312)",전체,1전선,HAIE0011,3,2,1,1,권지은,
510,경영경제대학 핀테크인텔리전스융합전공,인터랙션디자인,"화7,8,9(G312)",전체,1전선,HAIE0011,3,2,1,2,권지은,
511,경영경제대학 핀테크인텔리전스융합전공,경영빅데이터분석,"목4,5,6(R212)",전체,1전심,HAAE6005,3,1,2,1,이애리,
512,경영경제대학 핀테크인텔리전스융합전공,경영빅데이터분석,"금7,8,9(N305)",전체,1전심,HAAE6005,3,1,2,2,신재우,
513,경영경제대학 핀테크인텔리전스융합전공,블록체인프로그래밍,"금7,8,9(G311)",전체,1전심,HAIE0022,3,1,2,1,임좌상,
514,융합공과대학,"AI+X선도인재양성기
 초프로젝트","금4,5,6(G102)",전체,일선,HAKT0001,3,1,2,1,박성준,
515,융합공과대학,"AI+X선도인재양성고
 급프로젝트","금7,8,9(G102)",전체,일선,HAKT0003,3,0,3,1,박성준,
516,융합공과대학 지능·데이터융합학부,파이썬,"월1,2,3(G202)",1,1전선,HAID0001,3,1,2,1,서대희,
517,융합공과대학 지능·데이터융합학부,파이썬,"화7,8,9(G311)",1,1전선,HAID0001,3,1,2,2,김동근,
518,융합공과대학 지능·데이터융합학부,파이썬,"목7,8,9(G312)",1,1전선,HAID0001,3,1,2,3,김동근,
519,융합공과대학 지능·데이터융합학부 휴먼지능정보공학전공,C프로그래밍1,"목7,8,9(G209)",1,1전선,HAIE0001,3,2,1,1,조용주,
520,융합공과대학 지능·데이터융합학부 휴먼지능정보공학전공,C프로그래밍1,"금2,3,4(G305)",1,1전선,HAIE0001,3,2,1,2,이의철,
521,융합공과대학 지능·데이터융합학부 휴먼지능정보공학전공,지능정보공학설계,"수4,5,6(G310)",1,1전선,HAIE0002,3,2,1,1,윤희남,
522,융합공과대학 지능·데이터융합학부 휴먼지능정보공학전공,지능정보공학설계,"수7,8,9(G309)",1,1전선,HAIE0002,3,2,1,2,윤희남,
523,융합공과대학 지능·데이터융합학부 휴먼지능정보공학전공,개인정보보호론,"화7,8,9(G102)",1,1전선,HAIE0003,3,3,0,1,유지연,
524,융합공과대학 지능·데이터융합학부 휴먼지능정보공학전공,객체지향프로그래밍,"수7,8,9(G311)",2,1전선,HAIE0007,3,2,1,1,임좌상,
525,융합공과대학 지능·데이터융합학부 휴먼지능정보공학전공,객체지향프로그래밍,"목7,8,9(G311)",2,1전선,HAIE0007,3,2,1,2,임좌상,
526,융합공과대학 지능·데이터융합학부 휴먼지능정보공학전공,자료구조,"목4,5,6(G312)",2,1전선,HAIE0008,3,2,1,1,홍철의,
527,융합공과대학 지능·데이터융합학부 휴먼지능정보공학전공,자료구조,"금7,8,9(G312)",2,1전선,HAIE0008,3,2,1,2,홍철의,
528,융합공과대학 지능·데이터융합학부 휴먼지능정보공학전공,선형대수학,"월5,6(G310)
 목5(G310)",2,1전선,HAIE0009,3,3,0,1,이의철,
529,융합공과대학 지능·데이터융합학부 휴먼지능정보공학전공,선형대수학,"월7,8,9(G310)",2,1전선,HAIE0009,3,3,0,2,윤희남,
530,융합공과대학 지능·데이터융합학부 휴먼지능정보공학전공,컴퓨터로직설계,"화7,8,9(G305)",2,1전선,HAIE0010,3,1,2,1,정진우,
531,융합공과대학 지능·데이터융합학부 휴먼지능정보공학전공,컴퓨터로직설계,"목7,8,9(G305)",2,1전선,HAIE0010,3,1,2,2,정진우,
532,융합공과대학 지능·데이터융합학부 휴먼지능정보공학전공,인터랙션디자인,"월4,5,6(G312)",2,1전선,HAIE0011,3,2,1,1,권지은,
533,융합공과대학 지능·데이터융합학부 휴먼지능정보공학전공,인터랙션디자인,"화7,8,9(G312)",2,1전선,HAIE0011,3,2,1,2,권지은,
534,융합공과대학 지능·데이터융합학부 휴먼지능정보공학전공,뇌과학과 인공지능,"월7,8,9(G102)",2,1전선,HAIE0049,3,2,1,1,이지항,
535,융합공과대학 지능·데이터융합학부 휴먼지능정보공학전공,UX분석,"월7,8,9(G309)",3,1전선,HAIE0043,3,3,0,1,권지은,
536,융합공과대학 지능·데이터융합학부 휴먼지능정보공학전공,디지털신호처리,"화7,8,9(G310)",3,1전선,HAIE0046,3,2,1,1,윤희남,
537,융합공과대학 지능·데이터융합학부 휴먼지능정보공학전공,소프트웨어공학,"화4,5,6(G312)",3,1전심,HAIE0018,3,2,1,1,유지연,
538,융합공과대학 지능·데이터융합학부 휴먼지능정보공학전공,소프트웨어공학,"월4,5,6(G305)",3,1전심,HAIE0018,3,2,1,2,유지연,
539,융합공과대학 지능·데이터융합학부 휴먼지능정보공학전공,디지털영상처리,"수4,5(G305)
 수0(Z201)",3,1전심,HAIE0020,3,2,1,1,이의철,b-러닝
540,융합공과대학 지능·데이터융합학부 휴먼지능정보공학전공,디지털영상처리,"화2,3(G305)
 화0(Z201)",3,1전심,HAIE0020,3,2,1,2,이의철,b-러닝
541,융합공과대학 지능·데이터융합학부 휴먼지능정보공학전공,블록체인프로그래밍,"금7,8,9(G311)",3,1전심,HAIE0022,3,1,2,1,임좌상,
542,융합공과대학 지능·데이터융합학부 휴먼지능정보공학전공,딥러닝,"수7,8,9(G102)",3,1전심,HAIE0030,3,2,1,1,이지항,
543,융합공과대학 지능·데이터융합학부 휴먼지능정보공학전공,"휴먼지능정보종합설
 계1","금5,6(G309)",4,1전선,HAIE0031,2,0,2,1,"이의철,정진
 우",
544,융합공과대학 지능·데이터융합학부 휴먼지능정보공학전공,"휴먼지능정보종합설
 계1","금5,6(G310)",4,1전선,HAIE0031,2,0,2,2,"권지은,윤희
 남",
545,융합공과대학 지능·데이터융합학부 핀테크전공,"빅데이터의이해와적
 용","금4,5,6(M213)",1,1전선,HAFX0015,3,3,0,1,이상호,
546,융합공과대학 지능·데이터융합학부 핀테크전공,"스마트팩토리에대한
 이해","금7,8,9(N303)",1,1전선,HAFX0019,3,3,0,1,천백민,e-러닝
547,융합공과대학 지능·데이터융합학부 핀테크전공,컴퓨터구조개론,"월7,8,9(G307)",2,1전선,HAFI0046,3,1,2,1,서대희,
548,융합공과대학 지능·데이터융합학부 핀테크전공,"파이썬을이용한통계
 학습","목7,8,9(G202)",2,1전선,HAFX0020,3,2,1,1,이상호,
549,융합공과대학 지능·데이터융합학부 핀테크전공,프로그래밍언어,"월4,5,6(G202)",2,1전선,HAFX0022,3,1,2,1,서대희,
550,융합공과대학 지능·데이터융합학부 핀테크전공,빅데이터시각화,"수7,8,9(G202)",2,1전선,HAFX0023,3,1,2,1,김진,
551,융합공과대학 지능·데이터융합학부 핀테크전공,스타트업개론,"수5,6(G201)",2,1전선,HAFX0025,2,2,0,1,천백민,
552,융합공과대학 지능·데이터융합학부 핀테크전공,빅데이터응용실습1,"수4,5,6(G202)",3,1전심,HABN0005,3,1,2,1,김진,
553,융합공과대학 지능·데이터융합학부 핀테크전공,비즈니스데이터분석,"목7,8,9(G206)",3,1전심,HABN0031,3,1,2,1,조일형,
554,융합공과대학 지능·데이터융합학부 핀테크전공,운영체제기초,"화7,8,9(G307)",3,1전심,HAFI0049,3,1,2,1,서대희,
555,융합공과대학 지능·데이터융합학부 핀테크전공,빅데이터캡스톤디자 인,"수10,10,11,11,12, 12,13,13,14(G202
 )",4,1전심,HABN0011,3,1,2,1,김진,집중이수제(10 주)
556,융합공과대학 지능·데이터융합학부 스마트생산전공,"빅데이터의이해와적
 용","금4,5,6(M213)",1,1전선,HAFX0015,3,3,0,1,이상호,
557,융합공과대학 지능·데이터융합학부 스마트생산전공,"스마트팩토리에대한
 이해","금7,8,9(N303)",1,1전선,HAFX0019,3,3,0,1,천백민,e-러닝
558,융합공과대학 지능·데이터융합학부 스마트생산전공,컴퓨터구조개론,"월7,8,9(G307)",2,1전선,HAFI0046,3,1,2,1,서대희,
559,융합공과대학 지능·데이터융합학부 스마트생산전공,"파이썬을이용한통계
 학습","목7,8,9(G202)",2,1전선,HAFX0020,3,2,1,1,이상호,
560,융합공과대학 지능·데이터융합학부 스마트생산전공,빅데이터시각화,"수7,8,9(G202)",2,1전선,HAFX0023,3,1,2,1,김진,
561,융합공과대학 지능·데이터융합학부 스마트생산전공,스타트업개론,"수5,6(G201)",2,1전선,HAFX0025,2,2,0,1,천백민,
562,융합공과대학 지능·데이터융합학부 스마트생산전공,빅데이터응용실습1,"수4,5,6(G202)",3,1전심,HABN0005,3,1,2,1,김진,
563,융합공과대학 지능·데이터융합학부 스마트생산전공,비즈니스데이터분석,"목7,8,9(G206)",3,1전심,HABN0031,3,1,2,1,조일형,
564,융합공과대학 지능·데이터융합학부 스마트생산전공,운영체제기초,"화7,8,9(G307)",3,1전심,HAFI0049,3,1,2,1,서대희,
565,융합공과대학 SW융합학부,SW융합개론,"금4,5,6(G201)",1,1전선,HASW0001,3,3,0,1,김윤호,
566,융합공과대학 SW융합학부,SW융합개론,"월3,4(G417)
 수2(G417)",1,1전선,HASW0001,3,3,0,2,문성현,
567,융합공과대학 SW융합학부,SW융합개론,"화6(G417)
 수5,6(G417)",1,1전선,HASW0001,3,3,0,3,문성현,
568,융합공과대학 SW융합학부 컴퓨터과학전공,파이썬프로그래밍,"월7,8,9(G209)",1,1전선,HAEA9225,3,2,1,1,조용주,
569,융합공과대학 SW융합학부 컴퓨터과학전공,파이썬프로그래밍,"화7,8,9(G209)",1,1전선,HAEA9225,3,2,1,2,조용주,
570,융합공과대학 SW융합학부 컴퓨터과학전공,파이썬프로그래밍,"금3,4,5(G209)",1,1전선,HAEA9225,3,2,1,3,나재호,
571,융합공과대학 SW융합학부 컴퓨터과학전공,파이썬프로그래밍,"금7,8,9(G209)",1,1전선,HAEA9225,3,2,1,4,나재호,
572,융합공과대학 SW융합학부 컴퓨터과학전공,파이썬프로그래밍,"목7,8,9(G211)",1,1전선,HAEA9225,3,2,1,5,김혜윤,
573,융합공과대학 SW융합학부 컴퓨터과학전공,컴퓨터수학,"월1,2(G208)
 수3(G208)",1,1전선,HAEA9237,3,3,0,1,전지훈,
574,융합공과대학 SW융합학부 컴퓨터과학전공,컴퓨터수학,"월3(G208)
 수1,2(G208)",1,1전선,HAEA9237,3,3,0,2,전지훈,
575,융합공과대학 SW융합학부 컴퓨터과학전공,공학설계입문,"수4,5,6(G208)",1,1전선,HAFL7001,3,2,1,1,나재호,
576,융합공과대학 SW융합학부 컴퓨터과학전공,공학설계입문,"화7,8,9(G208)",1,1전선,HAFL7001,3,2,1,2,문성현,
577,융합공과대학 SW융합학부 컴퓨터과학전공,공학설계입문,"수7,8,9(G208)",1,1전선,HAFL7001,3,2,1,3,문성현,
578,융합공과대학 SW융합학부 컴퓨터과학전공,이산수학,"화1,2(G207)
 수4(G207)",2,1전선,HAEA0001,3,3,0,1,김윤호,
579,융합공과대학 SW융합학부 컴퓨터과학전공,이산수학,"화4(G207)
 수1,2(G207)",2,1전선,HAEA0001,3,3,0,2,김윤호,
580,융합공과대학 SW융합학부 컴퓨터과학전공,인공지능,"월1,2,3(G207)",2,1전선,HAEA0017,3,2,1,1,민경하,
581,융합공과대학 SW융합학부 컴퓨터과학전공,인공지능,"수5(G211)
 목5,6(G211)",2,1전선,HAEA0017,3,2,1,2,강상욱,
582,융합공과대학 SW융합학부 컴퓨터과학전공,인공지능,"수6(G211)
 목1,2(G211)",2,1전선,HAEA0017,3,2,1,3,강상욱,
583,융합공과대학 SW융합학부 컴퓨터과학전공,인공지능,"수3(G307)
 목5,6(G307)",2,1전선,HAEA0017,3,2,1,4,민경하,
584,융합공과대학 SW융합학부 컴퓨터과학전공,논리회로,"화7,8(G210)
 목9(G210)",2,1전선,HAEA0027,3,2,1,1,민승욱,
585,융합공과대학 SW융합학부 컴퓨터과학전공,논리회로,"화9(G210)
 목7,8(G210)",2,1전선,HAEA0027,3,2,1,2,민승욱,
586,융합공과대학 SW융합학부 컴퓨터과학전공,선형대수학2,"월7,8,9(G201)",2,1전선,HAEA9236,3,3,0,1,민승욱,
587,융합공과대학 SW융합학부 컴퓨터과학전공,선형대수학2,"화7,8,9(G211)",2,1전선,HAEA9236,3,3,0,2,정대식,
588,융합공과대학 SW융합학부 컴퓨터과학전공,자료구조,"월5(G209)
 목3,4(G209)",2,1전선,HAEA9241,3,2,1,1,조용주,
589,융합공과대학 SW융합학부 컴퓨터과학전공,자료구조,"화1,2,3(G206)",2,1전선,HAEA9241,3,2,1,2,정대식,
590,융합공과대학 SW융합학부 컴퓨터과학전공,자료구조,"수7,8,9(G206)",2,1전선,HAEA9241,3,2,1,3,전지훈,
591,융합공과대학 SW융합학부 컴퓨터과학전공,자료구조,"금7,8,9(G206)",2,1전선,HAEA9241,3,2,1,4,전지훈,
592,융합공과대학 SW융합학부 컴퓨터과학전공,C프로그래밍2,"월3,4(G206)
 화4(G206)",2,1전선,HAFL0002,3,1,2,1,백윤철,
593,융합공과대학 SW융합학부 컴퓨터과학전공,C프로그래밍2,"월6(G206)
 화5,6(G206)",2,1전선,HAFL0002,3,1,2,2,백윤철,
594,융합공과대학 SW융합학부 컴퓨터과학전공,C프로그래밍2,"월7,8(G206)
 화8(G206)",2,1전선,HAFL0002,3,1,2,3,백윤철,
595,융합공과대학 SW융합학부 컴퓨터과학전공,C프로그래밍2,"월6(G210)
 화5,6(G210)",2,1전선,HAFL0002,3,1,2,4,송병호,
596,융합공과대학 SW융합학부 컴퓨터과학전공,컴퓨터네트워크,"목4,5,6(G208)",3,1전심,HAEA0004,3,2,1,1,신경섭,
597,융합공과대학 SW융합학부 컴퓨터과학전공,컴퓨터네트워크,"금1,2,3(G208)",3,1전심,HAEA0004,3,2,1,2,신경섭,
598,융합공과대학 SW융합학부 컴퓨터과학전공,컴퓨터네트워크,"금4,5,6(G208)",3,1전심,HAEA0004,3,2,1,3,신경섭,
599,융합공과대학 SW융합학부 컴퓨터과학전공,디지털신호처리,"수1,2,3(G209)",3,1전심,HAEA0005,3,1,2,1,강상욱,
600,융합공과대학 SW융합학부 컴퓨터과학전공,소프트웨어공학,"화1,2(G208)
 목2(G208)",3,1전심,HAEA0008,3,2,1,1,한혁수,
601,융합공과대학 SW융합학부 컴퓨터과학전공,소프트웨어공학,"금7,8,9(G201)",3,1전심,HAEA0008,3,2,1,2,정소희,
602,융합공과대학 SW융합학부 컴퓨터과학전공,소프트웨어공학,"금1,2,3(G201)",3,1전심,HAEA0008,3,2,1,3,박흥국,
603,융합공과대학 SW융합학부 컴퓨터과학전공,"데이터모델링과마이
 닝","월3,4(G210)
 화2(G210)",3,1전심,HAEA0012,3,1,2,1,송병호,
604,융합공과대학 SW융합학부 컴퓨터과학전공,"데이터모델링과마이
 닝","월7,8(G210)
 화4(G210)",3,1전심,HAEA0012,3,1,2,2,송병호,
605,융합공과대학 SW융합학부 컴퓨터과학전공,"데이터모델링과마이
 닝","화7,8,9(G525)",3,1전심,HAEA0012,3,1,2,3,배주화,
606,융합공과대학 SW융합학부 컴퓨터과학전공,GPU프로그래밍,"화5,6(G209)
 수8(G209)",3,1전심,HAEA9239,3,2,1,1,나재호,
607,융합공과대학 SW융합학부 컴퓨터과학전공,운영체제,"월6(G207)
 수5,6(G207)",3,1전심,HAEZ0003,3,2,1,1,손성훈,
608,융합공과대학 SW융합학부 컴퓨터과학전공,운영체제,"월7,8(G207)
 수7(G207)",3,1전심,HAEZ0003,3,2,1,2,손성훈,
609,융합공과대학 SW융합학부 컴퓨터과학전공,캡스톤디자인1,"금10,11,12(G207)",4,1전선,HAEA0020,3,1,2,1,강상욱,
610,융합공과대학 SW융합학부 컴퓨터과학전공,캡스톤디자인1,"금10,11,12(G210)",4,1전선,HAEA0020,3,1,2,2,김윤호,
611,융합공과대학 SW융합학부 컴퓨터과학전공,캡스톤디자인1,"수10,11,12(G209)",4,1전선,HAEA0020,3,1,2,3,조용주,
612,융합공과대학 SW융합학부 컴퓨터과학전공,캡스톤디자인1,"금10,11,12(G211)",4,1전선,HAEA0020,3,1,2,4,손성훈,
613,융합공과대학 SW융합학부 컴퓨터과학전공,캡스톤디자인1,"수10,11,12(G201)",4,1전선,HAEA0020,3,1,2,5,민경하,
614,융합공과대학 SW융합학부 컴퓨터과학전공,캡스톤디자인1,"수10,11,12(G207)",4,1전선,HAEA0020,3,1,2,6,신경섭,
615,융합공과대학 SW융합학부 컴퓨터과학전공,캡스톤디자인1,"수10,11,12(G210)",4,1전선,HAEA0020,3,1,2,7,나재호,
616,융합공과대학 SW융합학부 컴퓨터과학전공,캡스톤디자인1,"금10,11,12(G206)",4,1전선,HAEA0020,3,1,2,8,민승욱,
617,융합공과대학 SW융합학부 컴퓨터과학전공,빅데이터와딥러닝,"화7,7,8,8,9,9,10(
 G202)",4,1전선,HAEA9229,3,2,1,1,민경하,"집중이수제(12
 주)"
618,융합공과대학 SW융합학부 컴퓨터과학전공,ICT학점이수인턴제,"월1,2,3(Z301)
 화1,2,3(Z301)
 수3,4,5(Z301)
 목2,3,4(Z301)
 금1,2,3(Z301)",4,1전선,HAFO0001,15,0,15,1,김종원,
619,융합공과대학 SW융합학부 전기공학전공,전기회로1,"화7,8(G207)
 수8(G207)",1,1전선,HAGE0004,3,3,0,1,위영민,
620,융합공과대학 SW융합학부 전기공학전공,미적분학,"수6,7(G519)
 금4(G519)",1,1전선,HAGE9218,3,3,0,1,심재웅,
621,융합공과대학 SW융합학부 전기공학전공,전력공학1,"화2,3,4(G519)
 목2,3,4(G519)
 금6(G519)",2,1전선,HAGE0009,3,3,0,1,조수환,"집중이수제(7주
 )"
622,융합공과대학 SW융합학부 전기공학전공,전기회로실험,"금1,2(G520)
 금0(Z201)",2,1전선,HAGE0010,3,0,3,1,위영민,b-러닝
623,융합공과대학 SW융합학부 전기공학전공,전기회로실험,"금3,4(G520)
 금0(Z201)",2,1전선,HAGE0010,3,0,3,2,위영민,b-러닝
624,융합공과대학 SW융합학부 전기공학전공,전자기학,"화2,3,4(G519)
 목2,3,4(G519)
 금6(G519)",2,1전선,HAGE0023,3,3,0,1,심재웅,"집중이수제(7주
 )"
625,융합공과대학 SW융합학부 전기공학전공,신재생에너지공학,"월2,3,4(G519)
 수2,3,4(G519)
 금5(G519)",2,1전선,HAGE0038,3,3,0,1,이순명,"집중이수제(7주
 )"
626,융합공과대학 SW융합학부 전기공학전공,전력전자,"월6,7,8(G519)
 목6,7,8(G519)
 금3(G519)",3,1전선,HAGE0047,3,3,0,1,심재웅,"집중이수제(7주
 )"
627,융합공과대학 SW융합학부 전기공학전공,에너지시스템설계,"화6,7,8(G519)",3,1전선,HAGE9211,3,2,1,1,이순명,
628,융합공과대학 SW융합학부 전기공학전공,전기기기실험,"수2,3(G521)
 수0(Z201)",3,1전선,HAGE9212,3,0,3,1,심재웅,b-러닝
629,융합공과대학 SW융합학부 전기공학전공,자동제어,"월6,7,8(G519)
 목6,7,8(G519)
 금3(G519)",3,1전선,HAGE9219,3,3,0,1,조수환,"집중이수제(7주
 )"
630,융합공과대학 SW융합학부 전기공학전공,"창의적종합설계1(캡
 스톤디자인)","화7,8,9(G518)",4,1전선,HAGE0039,3,0,3,1,김정욱,
631,융합공과대학 SW융합학부 전기공학전공,전력경제,"화2,3(G417)
 목5(G417)",4,1전심,HAGE0032,3,3,0,1,위영민,
632,융합공과대학 SW융합학부 전기공학전공,계측및제어,"수2,3,4(G520)",4,1전심,HAGE0036,3,2,1,1,조수환,
633,융합공과대학 SW융합학부 전기공학전공,에너지분석,"목6,7,8(G518)",4,1전심,HAGE9215,3,1,2,1,이순명,
634,융합공과대학 SW융합학부 전기공학전공,일경험(전기공학),토1(Z200),전체,1전선,HAGE0051,12,0,12,1,조수환,
635,융합공과대학 SW융합학부 지능IOT융합전공,프로그래밍,"금7,8,9(G307)",1,1전선,HAEM0001,3,2,1,1,이재호,
636,융합공과대학 SW융합학부 지능IOT융합전공,IOT센서기초,"수1,2(G525)
 목1(G525)",2,1전선,HAEM0005,3,3,0,1,김종원,
637,융합공과대학 SW융합학부 지능IOT융합전공,선형대수학,"수6,6,7,8,9(G517)",2,1전선,HAEM0008,3,3,0,1,유훈,"집중이수제(12
 주)"
638,융합공과대학 SW융합학부 지능IOT융합전공,인공지능과빅데이터,"금1,2,3(G517)",3,1전선,HAEM0016,3,2,1,1,정대식,
639,융합공과대학 SW융합학부 지능IOT융합전공,지능형영상처리,"화6,6,7,8,9(G517)",3,1전심,HAEM0019,3,1,2,1,유훈,"집중이수제(12
 주)"
640,융합공과대학 SW융합학부 지능IOT융합전공,캡스톤디자인1,"토1,2,3(G517)",4,1전심,HAEM0025,3,0,3,2,김종원,
641,융합공과대학 SW융합학부 게임전공,게임프로그래밍입문,"월4,5,6(G421)",1,1전선,HAGF0002,3,1,2,1,김석규,
642,융합공과대학 SW융합학부 게임전공,게임프로그래밍입문,"월7,8,9(G421)",1,1전선,HAGF0002,3,1,2,2,김석규,
643,융합공과대학 SW융합학부 게임전공,게임학개론,"화7,8,9(G420)",1,1전선,HAGF0006,3,3,0,1,길태숙,
644,융합공과대학 SW융합학부 게임전공,C프로그래밍,"월4,5,6(G418)",1,1전선,HAGF9211,3,1,2,1,박소영,
645,융합공과대학 SW융합학부 게임전공,C프로그래밍,"월7,8,9(G418)",1,1전선,HAGF9211,3,1,2,2,박소영,
646,융합공과대학 SW융합학부 게임전공,"게임시스템구조의이
 해","화4(G421)
 목7,8(G421)",2,1전선,HAGF9216,3,2,1,1,성한울,
647,융합공과대학 SW융합학부 게임전공,"게임객체지향프로그
 래밍","화1,2,3(G421)",2,1전선,HAGF9217,3,1,2,1,김석규,
648,융합공과대학 SW융합학부 게임전공,확률과통계,"화5,6(G421)
 목3(G421)",2,1전선,HAGF9223,3,2,1,1,성한울,
649,융합공과대학 SW융합학부 게임전공,게임자료구조,"목4,5,6(G418)",2,1전선,HAGF9225,3,2,1,1,성한울,
650,융합공과대학 SW융합학부 게임전공,웹콘텐츠개발2,"화4,5,6(G418)",3,1전선,HAGF9221,3,1,2,1,박소영,
651,융합공과대학 SW융합학부 게임전공,게임소프트웨어개발2,"화7,8,9(G418)",3,1전심,HAGF0021,3,1,2,1,김석규,
652,융합공과대학 SW융합학부 게임전공,"콘텐츠기획및프리젠
 테이션","월4(G420)
 목5,6(G420)",3,1전심,HAGF0024,3,3,0,1,길태숙,
653,융합공과대학 SW융합학부 게임전공,게임스토리텔링,"월5,6(G420)
 목4(G420)",3,1전심,HAGF0028,3,2,1,1,길태숙,
654,융합공과대학 SW융합학부 게임전공,캡스톤디자인1,"금5,6(G418)
 토5(G418)",4,1전선,HAGF0025,3,0,3,1,"박소영,성한
 울",
655,융합공과대학 SW융합학부 게임전공,캡스톤디자인1,"금5,6(G421)
 토6(G418)",4,1전선,HAGF0025,3,0,3,2,"김석규,성한
 울",
656,융합공과대학 SW융합학부 게임전공,게임특강,"수1,2,3(G420)",4,1전심,HAGF0027,3,1,2,1,장준호,
657,융합공과대학 SW융합학부 애니메이션전공,게임엔진 기초,"월4,5,6(G416)",1,1전선,HACT0001,3,1,2,1,조옥희,
658,융합공과대학 SW융합학부 애니메이션전공,애니메이션 기초,"화7,8,9(G309)",1,1전선,HACT0002,3,1,2,1,정재욱,
659,융합공과대학 SW융합학부 애니메이션전공,디지털 그래픽 기초,"수7,8,9(G416)",1,1전선,HACT0003,3,1,2,1,임현숙,주전공분반
660,융합공과대학 SW융합학부 애니메이션전공,모델링 기초,"수1,2,3(G416)",1,1전선,HACT0004,3,1,2,1,차유나,주전공분반
661,융합공과대학 SW융합학부 애니메이션전공,카툰애니메이션,"수4,5,6(G309)",2,1전선,HACT0007,3,1,2,1,정재욱,
662,융합공과대학 SW융합학부 애니메이션전공,"애니메이션스토리텔
 링","월4,5,6(G208)",2,1전선,HACT0008,3,1,2,1,정재욱,
663,융합공과대학 SW융합학부 애니메이션전공,Blender project,"화7,8,9(G416)",2,1전선,HACT0033,3,1,2,1,임현숙,
664,융합공과대학 SW융합학부 애니메이션전공,게임엔진애니메이션1,"목4,5,6(G416)",2,1전선,HACT0034,3,1,2,1,조옥희,
665,융합공과대학 SW융합학부 애니메이션전공,단편애니메이션기획,"목4,5,6(G309)",3,1전심,HACT0009,3,1,2,1,정재욱,
666,융합공과대학 SW융합학부 애니메이션전공,크리처애니메이션,"월7,8,9(G311)",3,1전심,HACT0010,3,1,2,1,김나래,
667,융합공과대학 SW융합학부 애니메이션전공,인터렉티브 CGI 1,"화4,5,6(G416)",3,1전심,HACT0011,3,1,2,1,조옥희,
668,융합공과대학 SW융합학부 애니메이션전공,VFX project A,"수4,5(G312)",3,1전심,HACT0012,2,0,2,1,임현숙,
669,융합공과대학 SW융합학부 애니메이션전공,CG Workshop 1,"화4,5(G208)",4,1전심,HACT0013,2,0,2,1,"김나래,임현
 숙",
670,융합공과대학 SW융합학부 애니메이션전공,3D Effect,"목7,8,9(G416)",4,1전심,HACT0026,3,1,2,1,조옥희,
671,융합공과대학 SW융합학부 한일문화콘텐츠전공,일본문화의이해,"수7(G525)
 목7,8(G525)",1,1전선,HABH0001,3,3,0,1,김평강,
672,융합공과대학 SW융합학부 한일문화콘텐츠전공,베이직일본어1,"수5,6(R104)
 목5(R109)",1,1전선,HABH0002,3,2,1,1,성윤아,
673,융합공과대학 SW융합학부 한일문화콘텐츠전공,베이직일본어1,"화7,8(A304)
 수7(R208)",1,1전선,HABH0002,3,2,1,2,성윤아,
674,융합공과대학 SW융합학부 한일문화콘텐츠전공,"여가콘텐츠와일본현
 대문화","월5,6(T301)
 화8(M213)",1,1전선,HABH0034,3,3,0,1,신현태,
675,융합공과대학 SW융합학부 한일문화콘텐츠전공,문화콘텐츠입문,"수5,6(N505)
 목3(N203)",1,1전선,HABH0040,3,3,0,1,"박건숙,장근
 수",
676,융합공과대학 SW융합학부 한일문화콘텐츠전공,"한일대중문화콘텐츠
 의이해","화6(G201)
 수3,4(G417)",2,1전선,HABH0005,3,3,0,1,김평강,
677,융합공과대학 SW융합학부 한일문화콘텐츠전공,"문화여행과SW콘텐츠
 기획","월7,8,9(G417)",2,1전선,HABH0006,3,1.5,1.5,1,"문성현,조규
 헌",
678,융합공과대학 SW융합학부 한일문화콘텐츠전공,한일언어와행동문화,"목5,6(N204)
 목0(Z201)",2,1전선,HABH0007,3,3,0,1,장근수,b-러닝
679,융합공과대학 SW융합학부 한일문화콘텐츠전공,커뮤니케이션일본어1,"목7,8,9(A203)",2,1전선,HABH0014,3,2,1,1,"이이호시카
 즈야",
680,융합공과대학 SW융합학부 한일문화콘텐츠전공,한일문화트렌드,"수3(R104)
 목3,4(R406)",2,1전선,HABH0024,3,2,1,1,성윤아,
681,융합공과대학 SW융합학부 한일문화콘텐츠전공,일본문학과문화,"화4,5(A203)
 목3(A203)",2,1전선,HABH0054,3,3,0,1,신현태,
682,융합공과대학 SW융합학부 한일문화콘텐츠전공,매스미디어일본어,"화3,4(R104)
 수4(R104)",3,1전선,HABH0019,3,2,1,1,성윤아,
683,융합공과대학 SW융합학부 한일문화콘텐츠전공,한일영상문화비교,"목5,6(N505)
 금5(N505)",3,1전심,HABH0017,3,3,0,1,신현태,
684,융합공과대학 SW융합학부 한일문화콘텐츠전공,동아시아공연예술,"목4(G525)
 금3,4(G525)",3,1전심,HABH0021,3,2,1,1,김평강,
685,융합공과대학 SW융합학부 한일문화콘텐츠전공,"한일문화콘텐츠기획
 실습(캡스톤디자인)","수7,8,9(R109)",4,1전선,HABH0053,3,0,3,1,"장선희,조규
 헌",
686,융합공과대학 생명화학공학부,미적분학,"화7,8,9(R102)",1,1전선,HAUS0014,3,3,0,1,고영건,
687,융합공과대학 생명화학공학부,미적분학,"목7,8,9(SB001)",1,1전선,HAUS0014,3,3,0,2,고영건,
688,융합공과대학 생명화학공학부 생명공학전공,일반생물학실험1,"수6,7(N526)",1,1전선,HABT0002,2,0,2,1,이성호,
689,융합공과대학 생명화학공학부 생명공학전공,일반생물학실험1,"수8,9(N526)",1,1전선,HABT0002,2,0,2,2,이성호,
690,융합공과대학 생명화학공학부 생명공학전공,일반화학1,"금1,2,3(SB002)",1,1전선,HAFX0009,3,3,0,1,백상현,
691,융합공과대학 생명화학공학부 생명공학전공,일반화학1,"월6,7(N203)
 수2(N203)",1,1전선,HAFX0009,3,3,0,2,서현욱,
692,융합공과대학 생명화학공학부 생명공학전공,일반생물학1,"화7,8,9(N505)",1,1전선,HAFX0013,3,3,0,1,"기장서,이영
 미","생명공학전공
 전용 분반"
693,융합공과대학 생명화학공학부 생명공학전공,일반생물학1,"수3,4(T301)
 목6(T301)",1,1전선,HAFX0013,3,3,0,2,안예진,"타전공 전용
 분반"
694,융합공과대학 생명화학공학부 생명공학전공,생화학,"월2,3,4(T306)",2,1전선,HABT0008,3,3,0,1,기장서,
695,융합공과대학 생명화학공학부 생명공학전공,생화학실험,"월6,7(N525)",2,1전선,HABT0009,2,0,2,1,기장서,
696,융합공과대학 생명화학공학부 생명공학전공,생화학실험,"월8,9(N525)",2,1전선,HABT0009,2,0,2,2,기장서,
697,융합공과대학 생명화학공학부 생명공학전공,유전학,"수3,4(N505)
 목2(N505)",2,1전선,HABT0010,3,3,0,1,이영미,
698,융합공과대학 생명화학공학부 생명공학전공,유전학실험,"목6,7(N526)",2,1전선,HABT0011,2,0,2,1,이영미,
699,융합공과대학 생명화학공학부 생명공학전공,유전학실험,"목8,9(N526)",2,1전선,HABT0011,2,0,2,2,이영미,
700,융합공과대학 생명화학공학부 생명공학전공,"생명공학소프트웨어
 활용",화3(T102),2,1전선,HABT0013,1,0,1,1,김창배,
701,융합공과대학 생명화학공학부 생명공학전공,식물생명공학,"화5(SB002)
 목3,4(SB002)",2,1전선,HABT0019,3,3,0,1,안예진,
702,융합공과대학 생명화학공학부 생명공학전공,아동과학지도,"금4,5,6(N304)",2,1전선,HAFU0009,3,2,1,1,서주현,
703,융합공과대학 생명화학공학부 생명공학전공,분자생물학,"화3,4(R203)
 수5(T301)",3,1전선,HABT0022,3,3,0,1,안예진,
704,융합공과대학 생명화학공학부 생명공학전공,분자생물학실험,"화6,7(N526)",3,1전선,HABT0023,2,0,2,1,안예진,
705,융합공과대학 생명화학공학부 생명공학전공,분자생물학실험,"화8,9(N526)",3,1전선,HABT0023,2,0,2,2,안예진,
706,융합공과대학 생명화학공학부 생명공학전공,생물정보학실험,"수3,4(G206)",3,1전선,HABT0024,2,0,2,1,김창배,
707,융합공과대학 생명화학공학부 생명공학전공,발생공학,"월7,8,9(N505)",3,1전심,HABT0020,3,3,0,1,이은수,
708,융합공과대학 생명화학공학부 생명공학전공,생물정보학,"월3,4(T301)
 수7(T301)",3,1전심,HABT0021,3,3,0,1,김창배,
709,융합공과대학 생명화학공학부 생명공학전공,생물반응공학,"화7,8(N206)
 목4(N206)",4,1전선,HABT0032,3,3,0,1,유하영,
710,융합공과대학 생명화학공학부 생명공학전공,면역학,"목7,8,9(N505)",4,1전심,HABT0031,3,3,0,1,김예진,
711,융합공과대학 생명화학공학부 생명공학전공,생명공학종합설계,"수7,8,9(N525)",4,1전심,HABT0034,3,0,3,1,유하영,
712,융합공과대학 생명화학공학부 생명공학전공,생물공정공학,"화3,4(N206)
 목3(N206)",4,1전심,HABT0037,3,3,0,1,유하영,
713,융합공과대학 생명화학공학부 화학에너지공학전공,일반화학실험1,"월8,9(N423)",1,1전선,HACN0002,2,0,2,1,서현욱,
714,융합공과대학 생명화학공학부 화학에너지공학전공,일반화학실험1,"목8,9(N423)",1,1전선,HACN0002,2,0,2,2,서현욱,
715,융합공과대학 생명화학공학부 화학에너지공학전공,일반화학실험1,"금5,6(N423)",1,1전선,HACN0002,2,0,2,3,서현욱,
716,융합공과대학 생명화학공학부 화학에너지공학전공,일반화학1,"금1,2,3(SB002)",1,1전선,HAFX0009,3,3,0,1,백상현,
717,융합공과대학 생명화학공학부 화학에너지공학전공,일반화학1,"월6,7(N203)
 수2(N203)",1,1전선,HAFX0009,3,3,0,2,서현욱,
718,융합공과대학 생명화학공학부 화학에너지공학전공,일반물리학,"수2,3(SB002)
 목2(SB002)",1,1전선,HAFX0012,3,3,0,1,고영건,
719,융합공과대학 생명화학공학부 화학에너지공학전공,일반물리학,"수7,8(N201)
 목7(N201)",1,1전선,HAFX0012,3,3,0,2,서현욱,
720,융합공과대학 생명화학공학부 화학에너지공학전공,일반생물학1,"화7,8,9(N505)",1,1전선,HAFX0013,3,3,0,1,"기장서,이영
 미","생명공학전공
 전용 분반"
721,융합공과대학 생명화학공학부 화학에너지공학전공,일반생물학1,"수3,4(T301)
 목6(T301)",1,1전선,HAFX0013,3,3,0,2,안예진,"타전공 전용
 분반"
722,융합공과대학 생명화학공학부 화학에너지공학전공,에너지유기재료1,"화2(N202)
 목2,3(T306)",2,1전선,HACN0008,3,3,0,1,백상현,
723,융합공과대학 생명화학공학부 화학에너지공학전공,분석화학,"월3(R203)
 수3,4(R103)",2,1전선,HACN0009,3,3,0,1,김기택,
724,융합공과대학 생명화학공학부 화학에너지공학전공,에너지유기재료실험1,"화4,5,6(N424)",2,1전선,HACN0010,3,0,3,1,백상현,
725,융합공과대학 생명화학공학부 화학에너지공학전공,에너지유기재료실험1,"목4,5,6(N424)",2,1전선,HACN0010,3,0,3,2,백상현,
726,융합공과대학 생명화학공학부 화학에너지공학전공,에너지유기재료실험1,"금4,5,6(N424)",2,1전선,HACN0010,3,0,3,3,백상현,
727,융합공과대학 생명화학공학부 화학에너지공학전공,분석화학실험,"월5,6,7(N423)",2,1전선,HACN0011,3,0,3,1,김기택,
728,융합공과대학 생명화학공학부 화학에너지공학전공,분석화학실험,"수6,7,8(N423)",2,1전선,HACN0011,3,0,3,2,김기택,
729,융합공과대학 생명화학공학부 화학에너지공학전공,고체결정학,"월8,9(N203)
 목8(N201)",2,1전선,HACN0042,3,3,0,1,김호영,
730,융합공과대학 생명화학공학부 화학에너지공학전공,에너지무기재료실험2,"화7,8,9(N424)",3,1전선,HACN0018,3,0,3,1,강윤경,
731,융합공과대학 생명화학공학부 화학에너지공학전공,고체재료공학실험,"월4,5,6(N424)",3,1전선,HACN0044,3,0,3,1,김호영,
732,융합공과대학 생명화학공학부 화학에너지공학전공,에너지무기재료2,"화3(N505)
 목3,4(N505)",3,1전심,HACN0017,3,3,0,1,강윤경,
733,융합공과대학 생명화학공학부 화학에너지공학전공,양자역학과분광학,"화5,6(N505)
 목2(N201)",3,1전심,HACN0020,3,3,0,1,서현욱,
734,융합공과대학 생명화학공학부 화학에너지공학전공,고체재료공학1,"수2,3(N301-3)
 목5(N301-3)",3,1전심,HACN0043,3,3,0,1,김호영,
735,융합공과대학 생명화학공학부 화학에너지공학전공,유기금속과촉매,"수5,6(N307)
 목6(N307)",4,1전심,HACN0031,3,3,0,1,강윤경,
736,융합공과대학 생명화학공학부 화학에너지공학전공,"현장실습학기제(화학
 에너지공학)",토1(Z200),전체,1전선,HACN0039,15,0,15,1,백상현,
737,융합공과대학 생명화학공학부 화공신소재전공,일반화학실험,"수6,7(N504-1)",1,1전선,HACI8001,2,0,2,1,구상균,
738,융합공과대학 생명화학공학부 화공신소재전공,일반화학실험,"수8,9(N504-1)",1,1전선,HACI8001,2,0,2,2,구상균,
739,융합공과대학 생명화학공학부 화공신소재전공,일반화학1,"금1,2,3(SB002)",1,1전선,HAFX0009,3,3,0,1,백상현,
740,융합공과대학 생명화학공학부 화공신소재전공,일반화학1,"월6,7(N203)
 수2(N203)",1,1전선,HAFX0009,3,3,0,2,서현욱,
741,융합공과대학 생명화학공학부 화공신소재전공,일반물리학,"수2,3(SB002)
 목2(SB002)",1,1전선,HAFX0012,3,3,0,1,고영건,
742,융합공과대학 생명화학공학부 화공신소재전공,일반물리학,"수7,8(N201)
 목7(N201)",1,1전선,HAFX0012,3,3,0,2,서현욱,
743,융합공과대학 생명화학공학부 화공신소재전공,"화공양론및프로그래
 밍","수7,8,9(N505)",2,1전선,HACI0001,3,3,0,1,고영건,
744,융합공과대학 생명화학공학부 화공신소재전공,물리화학,"금4,5,6(N203)",2,1전선,HACI8005,3,1,2,1,백귀찬,
745,융합공과대학 생명화학공학부 화공신소재전공,물리화학실험,"월3,4,5(N504-1)",2,1전선,HACI8006,3,0,3,1,이현경,
746,융합공과대학 생명화학공학부 화공신소재전공,물리화학실험,"월6,7,8(N504-1)",2,1전선,HACI8006,3,0,3,2,이현경,
747,융합공과대학 생명화학공학부 화공신소재전공,유기공업화학실험,"화4,5,6(N504-2)",2,1전선,HACI8007,3,0,3,1,윤석일,
748,융합공과대학 생명화학공학부 화공신소재전공,유기공업화학실험,"화7,8,9(N504-2)",2,1전선,HACI8007,3,0,3,2,윤석일,
749,융합공과대학 생명화학공학부 화공신소재전공,유기공업화학,"목7,8,9(T403)",2,1전선,HACI8008,3,3,0,1,윤석일,
750,융합공과대학 생명화학공학부 화공신소재전공,"무기소재공학(캡스톤
 디자인)","월1,2,3(G525)",3,1전선,HACI0035,3,0,3,1,고영건,
751,융합공과대학 생명화학공학부 화공신소재전공,고분자소재공학,"금7,8,9(T306)",3,1전선,HACI0040,3,3,0,1,윤석일,
752,융합공과대학 생명화학공학부 화공신소재전공,이동현상,"화7,8(R205)
 수3(SB001)",3,1전선,HACI8011,3,3,0,1,구상균,
753,융합공과대학 생명화학공학부 화공신소재전공,무기소재화학실험,"월4,5,6(N504-2)",3,1전심,HACI0036,3,0,3,1,고영건,
754,융합공과대학 생명화학공학부 화공신소재전공,무기소재화학실험,"월7,8,9(N504-2)",3,1전심,HACI0036,3,0,3,2,고영건,
755,융합공과대학 생명화학공학부 화공신소재전공,고분자소재공학실험,"수4,5,6(N504-2)",3,1전심,HACI8010,3,0,3,1,윤석일,
756,융합공과대학 생명화학공학부 화공신소재전공,고분자소재공학실험,"수7,8,9(N504-2)",3,1전심,HACI8010,3,0,3,2,윤석일,
757,융합공과대학 생명화학공학부 화공신소재전공,"현장실습학기제(화공
 신소재)",토1(Z200),전체,1전선,HACI0055,15,0,15,1,윤석일,
758,융합공과대학 콘텐츠제작연계전공,"한일대중문화콘텐츠
 의이해","화6(G201)
 수3,4(G417)",전체,1전선,HABH0005,3,3,0,1,김평강,
759,융합공과대학 콘텐츠제작연계전공,동아시아공연예술,"목4(G525)
 금3,4(G525)",전체,1전선,HABH0021,3,2,1,1,김평강,
760,융합공과대학 콘텐츠제작연계전공,문화콘텐츠입문,"수5,6(N505)
 목3(N203)",전체,1전선,HABH0040,3,3,0,1,"박건숙,장근
 수",
761,융합공과대학 콘텐츠제작연계전공,"한일문화콘텐츠기획
 실습(캡스톤디자인)","수7,8,9(R109)",전체,1전선,HABH0053,3,0,3,1,"장선희,조규
 헌",
762,융합공과대학 콘텐츠제작연계전공,게임엔진 기초,"월4,5,6(G416)",전체,1전선,HACT0001,3,1,2,1,조옥희,
763,융합공과대학 콘텐츠제작연계전공,애니메이션 기초,"화7,8,9(G309)",전체,1전선,HACT0002,3,1,2,1,정재욱,
764,융합공과대학 콘텐츠제작연계전공,디지털 그래픽 기초,"수7,8,9(G416)",전체,1전선,HACT0003,3,1,2,1,임현숙,주전공분반
765,융합공과대학 콘텐츠제작연계전공,모델링 기초,"수1,2,3(G416)",전체,1전선,HACT0004,3,1,2,1,차유나,주전공분반
766,융합공과대학 콘텐츠제작연계전공,미디어기법,"화4,5,6(B306)",전체,1전선,HADA0045,3,0,3,1,권지은,
767,융합공과대학 콘텐츠제작연계전공,드로잉,"금1,2,3(B102)",전체,1전선,HADA1101,3,0,3,1,"이세정,홍보
 미",
768,융합공과대학 콘텐츠제작연계전공,드로잉,"금6,7,8(B102)",전체,1전선,HADA1101,3,0,3,2,"이세정,홍보
 미",
769,융합공과대학 콘텐츠제작연계전공,기초컴퓨터그래픽1,"월7,8,9(B306)",전체,1전선,HADA1103,3,0,3,1,최영환,
770,융합공과대학 콘텐츠제작연계전공,기초컴퓨터그래픽1,"금1,2,3(B306)",전체,1전선,HADA1103,3,0,3,2,최영환,
771,융합공과대학 콘텐츠제작연계전공,입체조형,"화7,8,9(B102)",전체,1전선,HADA1106,3,0,3,1,"심정아,이세
 정",
772,융합공과대학 콘텐츠제작연계전공,입체조형,"화4,5,6(B102)",전체,1전선,HADA1106,3,0,3,2,"심정아,이세
 정",
773,융합공과대학 콘텐츠제작연계전공,게임학개론,"화7,8,9(G420)",전체,1전선,HAGF0006,3,3,0,1,길태숙,
774,융합공과대학 콘텐츠제작연계전공,ICT음악플러스,"목7,8(M113)",전체,1전선,HAGO0033,2,1,1,1,"이강규,장우
 준",
775,융합공과대학 콘텐츠제작연계전공,게임스토리텔링,"월5,6(G420)
 목4(G420)",전체,1전심,HAGF0028,3,2,1,1,길태숙,
776,융합공과대학 게임애니메이션AI융합전공,문화콘텐츠입문,"수5,6(N505)
 목3(N203)",전체,1전선,HABH0040,3,3,0,1,"박건숙,장근
 수",
777,융합공과대학 게임애니메이션AI융합전공,게임엔진 기초,"월4,5,6(G416)",전체,1전선,HACT0001,3,1,2,1,조옥희,
778,융합공과대학 게임애니메이션AI융합전공,애니메이션 기초,"화7,8,9(G309)",전체,1전선,HACT0002,3,1,2,1,정재욱,
779,융합공과대학 게임애니메이션AI융합전공,인터렉티브 CGI 1,"화4,5,6(G416)",전체,1전선,HACT0011,3,1,2,1,조옥희,
780,융합공과대학 게임애니메이션AI융합전공,게임엔진애니메이션1,"목4,5,6(G416)",전체,1전선,HACT0034,3,1,2,1,조옥희,
781,융합공과대학 게임애니메이션AI융합전공,"인공지능융합캡스톤
 디자인","금1,2,3(G417)",전체,1전선,HAGA0002,3,0,3,1,김석규,
782,융합공과대학 게임애니메이션AI융합전공,게임프로그래밍입문,"월4,5,6(G421)",전체,1전선,HAGF0002,3,1,2,1,김석규,
783,융합공과대학 게임애니메이션AI융합전공,게임프로그래밍입문,"월7,8,9(G421)",전체,1전선,HAGF0002,3,1,2,2,김석규,
784,융합공과대학 게임애니메이션AI융합전공,C프로그래밍,"월4,5,6(G418)",전체,1전선,HAGF9211,3,1,2,1,박소영,
785,융합공과대학 게임애니메이션AI융합전공,C프로그래밍,"월7,8,9(G418)",전체,1전선,HAGF9211,3,1,2,2,박소영,
786,융합공과대학 게임애니메이션AI융합전공,게임자료구조,"목4,5,6(G418)",전체,1전선,HAGF9225,3,2,1,1,성한울,
787,융합공과대학 게임애니메이션AI융합전공,"콘텐츠기획및프리젠
 테이션","월4(G420)
 목5,6(G420)",전체,1전심,HAGF0024,3,3,0,1,길태숙,
788,융합공과대학 금융데이터AI융합전공,ICT융합비즈니스개론,"화7,8,9(T403)",전체,1전선,HAAE9215,3,3,0,1,이애리,
789,융합공과대학 금융데이터AI융합전공,ICT융합비즈니스개론,"금4,5,6(T301)",전체,1전선,HAAE9215,3,3,0,2,이애리,
790,융합공과대학 금융데이터AI융합전공,개인정보보호론,"화7,8,9(G102)",전체,1전선,HAIE0003,3,3,0,1,유지연,
791,융합공과대학 금융데이터AI융합전공,객체지향프로그래밍,"수7,8,9(G311)",전체,1전선,HAIE0007,3,2,1,1,임좌상,
792,융합공과대학 금융데이터AI융합전공,객체지향프로그래밍,"목7,8,9(G311)",전체,1전선,HAIE0007,3,2,1,2,임좌상,
793,융합공과대학 금융데이터AI융합전공,금융시장과금융기관,"화2,3(T201)
 목4(T201)",전체,1전심,HAAC0002,3,3,0,1,정지만,
794,융합공과대학 금융데이터AI융합전공,금융시장과금융기관,"화5,6(T201)
 목3(T201)",전체,1전심,HAAC0002,3,3,0,2,정지만,
795,융합공과대학 금융데이터AI융합전공,자산운용과투자전략,"월3,4(R209)
 월0(Z201)",전체,1전심,HAAC9002,3,2,1,1,서은숙,b-러닝
796,융합공과대학 금융데이터AI융합전공,품질경영론,"수3,4(T303)
 수0(Z201)",전체,1전심,HAAE0003,3,3,0,1,유태종,b-러닝
797,융합공과대학 금융데이터AI융합전공,품질경영론,"화3,4(N301-3)
 화0(Z201)",전체,1전심,HAAE0003,3,3,0,2,윤영진,b-러닝
798,융합공과대학 금융데이터AI융합전공,품질경영론,"화5,6(R102)
 화0(Z201)",전체,1전심,HAAE0003,3,3,0,3,이수철,b-러닝
799,융합공과대학 금융데이터AI융합전공,경영빅데이터분석,"목4,5,6(R212)",전체,1전심,HAAE6005,3,1,2,1,이애리,
800,융합공과대학 금융데이터AI융합전공,경영빅데이터분석,"금7,8,9(N305)",전체,1전심,HAAE6005,3,1,2,2,신재우,
801,융합공과대학 금융데이터AI융합전공,블록체인프로그래밍,"금7,8,9(G311)",전체,1전심,HAIE0022,3,1,2,1,임좌상,
802,융합공과대학 인공지능융합전공,인공지능,"월1,2,3(G207)",전체,1전선,HAEA0017,3,2,1,1,민경하,
803,융합공과대학 인공지능융합전공,인공지능,"수5(G211)
 목5,6(G211)",전체,1전선,HAEA0017,3,2,1,2,강상욱,
804,융합공과대학 인공지능융합전공,인공지능,"수6(G211)
 목1,2(G211)",전체,1전선,HAEA0017,3,2,1,3,강상욱,
805,융합공과대학 인공지능융합전공,인공지능,"수3(G307)
 목5,6(G307)",전체,1전선,HAEA0017,3,2,1,4,민경하,
806,융합공과대학 인공지능융합전공,파이썬프로그래밍,"월7,8,9(G209)",전체,1전선,HAEA9225,3,2,1,1,조용주,
807,융합공과대학 인공지능융합전공,파이썬프로그래밍,"화7,8,9(G209)",전체,1전선,HAEA9225,3,2,1,2,조용주,
808,융합공과대학 인공지능융합전공,파이썬프로그래밍,"금3,4,5(G209)",전체,1전선,HAEA9225,3,2,1,3,나재호,
809,융합공과대학 인공지능융합전공,파이썬프로그래밍,"금7,8,9(G209)",전체,1전선,HAEA9225,3,2,1,4,나재호,
810,융합공과대학 인공지능융합전공,파이썬프로그래밍,"목7,8,9(G211)",전체,1전선,HAEA9225,3,2,1,5,김혜윤,
811,융합공과대학 인공지능융합전공,C프로그래밍,"월4,5,6(G418)",전체,1전선,HAGF9211,3,1,2,1,박소영,
812,융합공과대학 인공지능융합전공,C프로그래밍,"월7,8,9(G418)",전체,1전선,HAGF9211,3,1,2,2,박소영,
813,융합공과대학 인공지능융합전공,확률과통계,"화5,6(G421)
 목3(G421)",전체,1전선,HAGF9223,3,2,1,1,성한울,
814,융합공과대학 인공지능융합전공,자료구조,"목4,5,6(G312)",전체,1전선,HAIE0008,3,2,1,1,홍철의,
815,융합공과대학 인공지능융합전공,자료구조,"금7,8,9(G312)",전체,1전선,HAIE0008,3,2,1,2,홍철의,
816,융합공과대학 인공지능융합전공,선형대수학,"월5,6(G310)
 목5(G310)",전체,1전선,HAIE0009,3,3,0,1,이의철,
817,융합공과대학 인공지능융합전공,선형대수학,"월7,8,9(G310)",전체,1전선,HAIE0009,3,3,0,2,윤희남,
818,융합공과대학 인공지능융합전공,디지털신호처리,"수1,2,3(G209)",전체,1전심,HAEA0005,3,1,2,1,강상욱,
819,융합공과대학 인공지능융합전공,GPU프로그래밍,"화5,6(G209)
 수8(G209)",전체,1전심,HAEA9239,3,2,1,1,나재호,
820,인문사회과학대학 인문콘텐츠학부 문헌정보학전공,정보통신기술론,"수7,8(R104)
 수0(Z201)",1,1전선,HAAH0005,3,3,0,1,이명호,b-러닝
821,인문사회과학대학 인문콘텐츠학부 문헌정보학전공,문헌정보학의 이해,"화7,8,9(N203)",1,1전선,HAFA0003,3,3,0,1,"박옥남,오의
 경,이명호",
822,인문사회과학대학 인문콘텐츠학부 문헌정보학전공,데이터리터러시기초,"월3,4(R104)",2,1전선,HAAA9228,2,2,0,1,이명호,
823,인문사회과학대학 인문콘텐츠학부 문헌정보학전공,디지털리터러시,"화5(N204)
 수5,6(N204)",2,1전선,HAAA9235,3,3,0,1,오의경,
824,인문사회과학대학 인문콘텐츠학부 문헌정보학전공,"정보시스템분석과설
 계","화3,4(A501)
 수4(A501)",2,1전선,HAAH0007,3,2,1,1,박옥남,
825,인문사회과학대학 인문콘텐츠학부 문헌정보학전공,주제별정보원,"금3,4(R109)",2,1전선,HAAH6006,2,2,0,1,오의경,
826,인문사회과학대학 인문콘텐츠학부 문헌정보학전공,교육학개론,"월7,8(R208)",2,1교직,HATT0010,2,2,0,1,이윤옥,
827,인문사회과학대학 인문콘텐츠학부 문헌정보학전공,교육사회,"금7,8(A102)",2,1교직,HATT0040,2,2,0,1,오덕열,
828,인문사회과학대학 인문콘텐츠학부 문헌정보학전공,온라인정보검색,"화3,4(N204)
 수3(N204)",3,1전선,HAAH3221,3,2,1,1,오의경,
829,인문사회과학대학 인문콘텐츠학부 문헌정보학전공,디지털도서관과IT,"수7,8,9(T202)",3,1전선,HAAH3302,3,2,1,1,박옥남,
830,인문사회과학대학 인문콘텐츠학부 문헌정보학전공,미디어센터운영,"화7,8,9(R101)",3,1전심,HAAH0002,3,1.5,1.5,1,김수진,
831,인문사회과학대학 인문콘텐츠학부 문헌정보학전공,의료정보이해및활용,"화5,6(R104)
 수2(R104)",3,1전심,HAAH9211,3,2,1,1,이명호,
832,인문사회과학대학 인문콘텐츠학부 문헌정보학전공,"소셜미디어데이터수
 집및분석","목3,4,5(R104)",3,1전심,HAAH9224,3,2,1,1,이명호,
833,인문사회과학대학 인문콘텐츠학부 문헌정보학전공,교육평가,"목7,8(A203-B)",3,1교직,HATT0003,2,2,0,1,장지현,
834,인문사회과학대학 인문콘텐츠학부 문헌정보학전공,교육행정및교육경영,"목5,6(A102)",3,1교직,HATT0090,2,2,0,1,장덕호,
835,인문사회과학대학 인문콘텐츠학부 문헌정보학전공,특수교육학개론,"월5,6(A403)",3,1교직,HATT0103,2,2,0,1,이일화,
836,인문사회과학대학 인문콘텐츠학부 문헌정보학전공,교육봉사활동1,"토0,1(A403)",3,1교직,HATT0200,1,0,2,1,이진아,
837,인문사회과학대학 인문콘텐츠학부 문헌정보학전공,교육봉사활동2,"토2,3(A403)",3,1교직,HATT0206,1,0,2,1,이진아,
838,인문사회과학대학 인문콘텐츠학부 문헌정보학전공,"학교폭력예방및학생
 의이해","금5,6(A102)",3,1교직,HATT0210,2,2,0,2,오덕열,
839,인문사회과학대학 인문콘텐츠학부 문헌정보학전공,라키비움의이해,"화7,8,9(R110)",4,1전선,HAFU0020,3,2,1,1,김상헌,
840,인문사회과학대학 인문콘텐츠학부 문헌정보학전공,학교현장실습,"월10,11(Z100)",4,1교직,HATT0100,2,0,2,5,박옥남,